time,open,high,low,close,volume
1,20.26278791760886,22.83726384288355,20.013025747163667,22.11359214782715,24528200
1,21.921467808502708,23.20230146913153,21.6268766528772,23.163875579833984,23084000
1,22.86288383334093,23.689022221192797,21.646090745357725,23.420045852661133,30483300
1,23.2855570606016,23.98361152493304,20.74950692051535,21.281051635742188,20102800
1,21.556431815026496,22.177636962660713,20.800739710583784,21.57564353942871,18478500
1,21.562834170308523,21.851022241453872,20.499742296858447,21.281051635742188,15459400
1,21.99831812617614,22.920519966516558,16.356247162743898,16.388267517089844,87401400
1,16.337028701517553,16.823745496539185,16.016820380174202,16.215349197387695,44216100
1,16.221756938107553,17.669099002987615,13.839406963653449,13.941873550415039,54339200
1,13.538410088556267,13.551218717079502,12.046239067544615,12.212747573852539,60579100
1,12.64282049342804,12.874251857814118,12.179955242243198,12.6229829788208,37051900
1,12.616366840072565,13.83303963900669,12.550243071633671,13.495809555053711,38390700
1,13.654504795628343,14.51411119701194,13.495808520266575,14.322352409362793,25385900
1,14.40831885473632,15.803524582987688,14.28268378533522,15.631603240966797,30943900
1,15.598541743247361,16.464759683940862,15.28114908331168,15.300985336303711,28813800
1,15.28114586791979,15.505965936703486,14.593460654885876,15.353880882263184,25706000
1,15.55886368618302,16.319283863902353,15.215021102120131,15.31420612335205,23065100
1,15.208411605664452,16.11430450406303,13.733857217891694,15.889484405517578,35114600
1,15.724170319276453,16.094461602999036,14.60668270489999,15.876254081726074,24035100
1,15.962219180027263,20.028817141735452,15.82997288137722,19.109699249267578,59506700
1,19.308071651364962,21.00083370014567,19.175824084232573,20.881811141967773,26264800
1,20.908261938997803,21.84060240331922,20.498295474575514,21.179367065429688,23794300
1,21.159531631651515,22.316693517757457,19.896572188283823,21.245492935180664,37327800
1,21.31160910905763,21.655451698253692,20.696660202550902,20.861968994140625,17573500
1,20.87519497547658,21.655452710027802,20.828908713461857,21.377735137939453,15327800
1,21.29838753289321,22.13815663209327,20.729726055868465,22.038972854614258,16824300
1,22.098478630050575,22.64730504331796,22.032356120640742,22.429096221923828,19071700
1,22.548129144615125,25.100498533327936,22.36298401504241,23.863988876342773,26303500
1,23.692060115445177,24.6772992211188,23.182908672465185,24.0689640045166,28146400
1,23.98961810393376,24.531830898477754,23.36144652854667,24.108640670776367,16298800
1,24.472691866354722,26.269286250385807,24.344845344962522,25.939573287963867,25122700
1,25.946301817399654,26.46442068579032,25.212861155241207,25.49547004699707,17449700
1,25.663686151383796,25.94629756364531,22.5953498098109,23.65850067138672,36793400
1,23.705608105233388,23.96803140391105,22.568439622017372,23.214405059814453,29811700
1,23.348983229159497,24.075693748381944,22.89815139239821,22.978899002075195,22749600
1,23.140392458619317,23.315343071565927,21.83500338074858,22.205087661743164,20212000
1,22.581896036989118,25.111928448241965,21.922472709411718,25.06482696533203,24348600
1,24.99754021452038,26.565352239321353,24.99754021452038,26.4375057220459,18454900
1,26.457700585692393,26.982547338490278,25.82519289470932,26.289480209350586,11585000
1,26.18181546951584,27.56795209336478,25.58967911205702,26.15489959716797,20813000
1,25.165757677923207,27.164213078302968,24.56016357669416,26.498062133789062,22568300
1,26.491338231784837,27.890932682486632,25.86555836618972,26.309659957885742,25409700
1,25.905923553702078,26.673007632650116,25.79153499346918,26.316381454467773,16280800
1,26.692643390106102,27.055112533836155,25.87196464015864,26.104488372802734,10141100
1,26.30281876109451,27.540679895059707,26.111327411107798,26.32333755493164,16390700
1,26.323333377835702,26.494308515728214,24.374215240536913,25.235931396484375,20163300
1,25.400070488668526,25.865123153386527,24.709331959266976,24.941858291625977,12158200
1,25.078643084483435,31.92449209960655,24.30583699721957,30.4335880279541,81972800
1,30.365188853725464,31.70563345525215,30.12582206917679,31.657760620117188,29058600
1,31.48678603996199,31.890287521253548,30.830242052771162,31.774023056030273,21561400
1,32.06811473044038,33.189711857112734,31.856107108249294,32.23908996582031,22352500
1,32.43740583030343,32.656253814697266,31.951837027984237,32.656253814697266,13112700
1,32.293786711577184,34.051411020089134,32.06809826449943,33.48377227783203,22867500
1,33.230730526114606,33.38802735231719,31.17219085143218,32.33481979370117,17697000
1,32.38269630070642,32.62890096403825,31.46626928101243,32.05442428588867,20520000
1,31.62357130135686,31.999716185819004,29.886462799150728,30.93967056274414,21387100
1,30.96606845093624,32.85162357606446,30.695713664934196,31.83952522277832,18533700
1,31.631551332281006,32.719903836686264,30.97992444685916,32.47727584838867,18878000
1,32.69218072592708,34.293516235195824,32.671385019449055,33.392330169677734,21079400
1,33.524058262013874,34.09942843377864,32.733789331598395,33.454734802246094,18455600
1,34.023166792499104,35.326415727628685,28.56060402429812,29.205297470092773,65139000
1,29.170633611244607,30.19659659871588,28.92800556737692,30.18966293334961,29099500
1,30.231262612810585,30.238193635046933,29.30234961241785,29.83612823486328,18062400
1,29.91931453550932,30.543212330467814,28.88641766261561,29.468721389770508,21756100
1,29.697473095243744,30.099538347921595,29.253813791150378,29.482574462890625,13816900
1,29.26074730547376,30.203524729257833,29.26074730547376,29.960899353027344,14264500
1,29.711353816868787,30.175809075168072,28.824034729718228,29.371675491333008,17095800
1,28.94188400896649,29.39247727286202,27.950580943932138,29.135984420776367,25380200
1,28.872545684899595,29.98169400056358,28.4427483987139,29.579626083374023,15202900
1,30.226816495262735,30.452021894149198,26.94022067489944,27.270992279052734,27339200
1,27.390629531460217,27.63694976473906,25.99717021785908,26.88391876220703,21995900
1,26.84168875317054,28.2703357451784,26.264599688189058,27.798812866210938,29244300
1,27.446929496533233,27.95364290017571,26.95429176350968,27.85511589050293,17490000
1,27.89030800971311,28.24219177526961,22.436108301257303,22.949859619140625,69967500
1,23.03430924959284,23.94920643472862,22.858367379964424,23.526947021484375,30742200
1,23.50583757232886,23.688815956635292,22.17571597145762,22.724655151367188,27803800
1,22.978003492554357,23.336923635455374,21.844937706375134,22.077180862426758,16019200
1,22.147563279578577,22.787992955073946,21.535286291415222,21.992734909057617,21585600
1,22.056072225079642,22.534634310944686,21.753452003586755,22.379804611206055,16425100
1,22.407954444064604,23.470642052022416,22.40091660888431,22.513519287109375,22228900
1,22.00680968257373,23.674737878236478,21.73937728529948,23.611398696899414,30023200
1,23.752151377915936,23.871790555479127,22.30942864596707,23.625473022460938,30202700
1,23.97043065027919,24.17126198268398,23.246011259206135,23.791118621826172,17945000
1,24.128221037289485,24.730709435646418,24.034978035997,24.235809326171875,20991500
1,24.40794848523631,24.974575060057465,23.826979358215617,24.67333221435547,21816700
1,24.716365437907434,25.30450857936736,23.7767723084474,25.060644149780273,26388400
1,28.4388835964903,29.335443574487044,26.430587056910458,26.46645164489746,62746100
1,26.502319813211656,27.06177249727152,25.907002532617028,26.057626724243164,18112500
1,26.021760345702315,27.39887812857641,25.87113890047551,27.24825668334961,17630700
1,27.183697970755627,28.403017277660332,26.71031444066408,28.27391242980957,16814800
1,28.216541957211117,29.14896399266066,28.030058644555016,28.89792823791504,11546200
1,28.309776771108165,29.0485412660308,26.71748548542339,28.05156707763672,27418400
1,28.517775113175897,29.13460874090564,27.65707982768504,29.04136848449707,20285200
1,28.940952265309825,30.590624658077854,28.81184742177,30.138757705688477,24148100
1,30.38262055325096,30.891865890027862,29.66537267517075,30.246341705322266,17642600
1,30.565162978529912,31.08198214652348,30.36134481759302,30.455974578857422,8138600
1,30.82720378704487,31.467769861118818,30.506922138395783,31.25667381286621,11342700
1,35.50770537020692,37.76424433439088,33.20749326771237,37.31293487548828,51763800
1,36.956248988699,38.412079150427815,36.70147704433106,38.30289077758789,18851700
1,38.20827829851265,40.03534462221755,37.88071583261189,39.991668701171875,23272300
1,39.3074282699497,41.09082140421941,37.400290861016266,37.68417739868164,33731100
1,37.31294624851214,38.157328093460194,33.5714611290565,34.80891799926758,33179400
1,35.04911736506038,37.968056043173895,35.04911736506038,37.42939758300781,15920200
1,37.31293748808186,39.001703558262186,37.08728551960711,38.79060745239258,10316700
1,38.92163211010407,40.12269069306628,38.10636497209074,39.394775390625,20012500
1,38.97986721616868,44.13350933001853,38.95074993516035,43.81322479248047,24683800
1,43.78410484063888,44.41010964376995,43.06346749761655,43.74042892456055,21712100
1,43.56572483337967,44.286362123409305,40.95250908088366,40.96706771850586,24289500
1,42.28158832170778,43.767476081711436,41.281188419444334,43.046600341796875,16924300
1,43.399686833695434,44.18676567551782,41.244414025775754,41.64898681640625,18711600
1,41.94321285809608,45.098884905041686,41.38416460982161,44.5839729309082,22185000
1,44.78994925062854,46.12136443318567,43.64978850399766,43.87046432495117,14646600
1,43.98815594469237,44.39272872927341,42.06827107297594,43.78219223022461,14278700
1,43.85575012663523,44.09849548227673,36.10265573766069,40.95753479003906,35074900
1,40.994311303126274,43.039244666070886,40.75156876727325,41.715187072753906,15607200
1,42.068255492338224,44.1426123816349,41.207619313309316,41.42094039916992,14008600
1,42.14917957427487,43.546797490015955,41.77403103809516,42.27423095703125,11344900
1,41.94322368203959,43.443823717546586,41.30326297509067,42.59054183959961,12585800
1,42.66409518725987,44.01757693992508,39.8835740195418,41.17820739746094,21441400
1,41.47980381717392,43.576231146456415,41.17085822682121,42.980403900146484,17143900
1,42.67145214531126,44.08378234931843,41.64898543002817,42.825927734375,11953300
1,42.93885426140923,43.050384887533966,40.91645190631613,41.98713684082031,10835000
1,41.20643156326716,43.734434717724845,41.14695063769621,43.56342315673828,8006500
1,43.86083938454388,44.359003162131565,42.2473776832293,43.88314437866211,8641600
1,43.80134971056573,43.80134971056573,41.987137634201666,41.994571685791016,8459300
1,41.89047602153682,42.886806232910814,40.52981489950018,40.66365051269531,12667100
1,40.425714119230236,41.74176219541474,38.61150244234153,40.06138610839844,23800400
1,40.001896809730184,41.21385100027188,37.20622641947634,37.83079147338867,19480200
1,37.83080753939873,40.455467555720524,37.7118428517668,40.343936920166016,19768700
1,40.395975094567355,41.801245952286074,39.96472645233565,41.451786041259766,11366400
1,41.71202858504677,42.529913222529856,39.29555627508873,39.80859375,14477000
1,38.09846713758704,38.32152550409868,35.66712441902584,37.02778244018555,25403000
1,37.26572202577106,38.23974732646565,35.09461583266116,35.90506362915039,23873300
1,35.9868509252547,36.7824277495058,35.13179034321129,36.64115524291992,22895100
1,37.14415229569116,37.46059484916658,34.703037164819094,35.67496109008789,18291000
1,35.991401483728374,36.398254939162385,34.94413278756817,35.26810836791992,16878400
1,34.99686991439159,35.17015869647567,31.885199133915574,32.38999938964844,21505600
1,32.390003065292376,33.7085074419194,32.17904041063626,33.007816314697266,12387700
1,33.27151461384744,33.42220139668063,27.64338382492382,29.233123779296875,27419800
1,29.94889115704584,33.783856202560344,28.087915113860728,33.354400634765625,32596400
1,33.04548850530727,34.95166826855981,31.900272888432962,32.42013931274414,27744300
1,32.020813887260275,33.331784943959235,31.101627251251685,32.623558044433594,19992400
1,32.59342890311766,32.83452950508289,30.491358268025998,32.359867095947266,12623700
1,32.924936867430525,33.52768112176356,31.485883702786694,32.4653434753418,17978500
1,33.12836324108214,33.80644944222897,30.061899185180664,30.061899185180664,21560500
1,29.956420258358566,30.99615601536575,28.90915145471228,29.044769287109375,14710800
1,29.01462748016262,29.57216770273395,26.905021187019138,27.394752502441406,32647100
1,27.67981501364994,29.93282514998102,27.11273293764369,29.388729095458984,13117200
1,29.58031309212115,30.201040946373787,27.948033606833,29.227802276611328,13732400
1,29.404055740763074,31.335206014141296,29.373404789107735,31.16661262512207,15041800
1,30.653174225466152,31.051665841194954,28.813982602612384,30.829429626464844,17011100
1,30.72980912593567,35.48871713153458,29.289111895183876,33.457942962646484,21107500
1,32.760588503466224,34.83734089764585,32.46938245379603,34.68407440185547,18066100
1,34.47715982743075,35.58833508123741,33.228042129104686,34.50014877319336,29948600
1,34.75304392889214,35.32779109148671,33.641868419861495,35.02892303466797,13451200
1,35.2051704714465,36.025142669677734,34.50014884890975,36.025142669677734,11090700
1,36.684188279683994,37.49649851202518,34.484823677032495,35.51936721801758,15042800
1,35.66497157718325,36.00982039764367,34.02502710134339,35.41974639892578,15632400
1,35.69563568061436,37.7570613393901,35.488726329067156,36.538597106933594,18955100
1,36.69951603788666,37.86433712555096,35.32012364468137,35.96384048461914,16140400
1,36.47936335399626,37.25585044870559,35.38451666893865,37.18596649169922,14714200
1,37.558676376484854,39.26694841510164,37.02290139833618,38.22645568847656,15448300
1,38.58364151655533,39.04953553669396,37.6518594004043,38.568111419677734,11227900
1,38.66905911568215,39.81825973147914,38.094460288815355,39.21260070800781,8866000
1,38.863177180867524,38.9330611355058,33.72283361745569,34.93415451049805,16945100
1,34.93414959059306,38.67681649620897,34.631317188434146,38.51375198364258,21561800
1,37.17819817412304,38.653521688343496,35.772755645917655,36.805484771728516,18419100
1,35.594152891283095,35.75721439858824,34.0334158203903,35.11273193359375,15406700
1,34.382839354457644,35.95134326479858,33.319053119377706,33.536468505859375,12583000
1,33.707284250847344,34.6002450538412,32.4571403114805,32.49596405029297,13861000
1,32.589158067931834,34.81767477333167,32.325152387838074,33.82377243041992,15047800
1,34.14214198513567,35.042866988400675,33.69177800247142,34.3673210144043,13101000
1,34.11107329835406,36.37065029365807,33.38894016935417,36.075584411621094,15530400
1,36.67407811640918,37.75318993697199,36.22510447556422,37.11517333984375,14202100
1,38.41483922452646,39.06073129229696,36.863121376359324,37.21757507324219,7574800
1,36.79222756759192,37.761065588422376,35.94154177077762,37.509010314941406,13943600
1,37.808330089227624,38.225796105780624,36.658327436816954,37.2569580078125,9333100
1,37.422379243625514,38.67478064984906,37.03642078152557,37.65868377685547,7855200
1,37.57202703468498,37.95798537200204,33.16105357505237,35.39017105102539,16232600
1,34.31105931933016,35.57921115170125,34.169277846564405,35.35078811645508,18093700
1,34.949069280817255,36.965514345228584,34.760029340090504,36.25660705566406,12568900
1,36.82374234092988,37.635045221364116,36.1699717832987,36.957645416259766,12923500
1,37.540524229370845,40.28950645745496,36.516549134673376,39.54909133911133,14348900
1,39.139499716762366,42.96759385581262,38.596006019820976,42.794307708740234,14407000
1,43.04635690586189,44.9052637956324,42.6446417482048,44.227867126464844,14889100
1,43.771009151784114,45.054917592700214,40.643944895561425,41.274085998535156,27530800
1,41.16381218268155,42.81004977368919,40.48641555598792,42.384708404541016,14593400
1,43.024579268590465,43.239822104144686,41.13522650352178,42.793392181396484,11149200
1,42.80933800998754,43.383315884887146,40.752575088519734,42.897029876708984,10698000
1,42.849204991550145,44.443594014491545,42.57018812895769,43.82975387573242,7568700
1,44.16458664352792,45.5437330798447,43.80584842805676,45.376319885253906,7741500
1,45.67126885454821,46.38874200481856,43.53478757488427,45.93434143066406,15010700
1,46.09378203905299,46.8750322212846,45.0813447405641,46.867061614990234,10166400
1,46.699642755494644,47.417115788598316,45.80678296519628,47.09823989868164,8292200
1,47.28161214996354,48.28607599364786,46.95476249024303,47.257694244384766,9153200
1,47.60048346567952,48.13460536876701,47.2417453279425,47.576568603515625,6730100
1,47.831665737080776,48.03893495054375,46.0698667789516,47.0265007019043,10409400
1,46.41266834055071,47.72006693475395,44.65883969715731,46.8431510925293,18776800
1,47.377270251490344,47.60048374246655,46.444551087950536,47.52873611450195,14370700
1,47.672222121954526,48.49333438070933,47.15404761256408,47.49684143066406,5752600
1,48.02993088867085,48.868037824506125,47.39329486305762,47.473880767822266,5994400
1,47.06289116368852,48.900276978752956,46.65995546219857,48.33616638183594,10500100
1,48.53762568660713,49.68196447591677,48.39256861367837,49.222618103027344,9580700
1,49.1581421585588,51.7127523328438,48.98084951458535,50.95523452758789,9498000
1,49.87536847717033,50.109071864846605,45.75736612019379,45.92660140991211,12719600
1,46.60353990496861,48.231397265894635,43.36393683010278,43.59763717651367,21839500
1,43.492877260432635,45.854080535654276,43.275291629449335,43.508995056152344,12174000
1,43.10605351162389,44.226214031181904,42.76758599594286,43.54928207397461,9452900
1,41.99394939083335,42.75146722416895,37.23125064615601,38.64152526855469,20090400
1,39.49574442806965,41.59101130071609,38.70599105558718,39.69721221923828,16331500
1,36.79606834543096,39.47155971831334,32.75059570952958,39.43126678466797,23538800
1,34.43487786283515,37.464955459656004,32.43631754802908,32.82313537597656,20592300
1,32.67001911546057,39.85838872839021,31.445094525199195,38.65764236450195,19802500
1,39.480341377591415,41.45394889683358,37.22011159113606,37.473976135253906,14917500
1,39.20190287359746,43.62409506198672,38.645034135090725,41.96986770629883,10560700
1,41.593167069210374,43.075418092884554,40.20918296553429,42.1500358581543,11376700
1,41.71599245338364,42.23191551014908,38.91527353598061,39.82427978515625,16601400
1,40.15185688666961,42.16641301164285,38.595902612067874,39.07087707519531,13875700
1,38.70236267831471,41.93711442474564,37.78516829827641,41.81427764892578,11925900
1,41.29834464975742,41.355669089668865,37.74421375550916,39.1200065612793,8459700
1,40.26650104436019,42.9935201047874,39.97169095918644,41.73237609863281,9994200
1,42.95258355381836,43.69780460074632,41.07724600888528,43.43574905395508,10055100
1,43.099988642284934,45.65503169375927,41.9043567385256,44.54129409790039,12821600
1,44.942553503356514,45.687774276577784,40.78241775908137,41.44574737548828,15463000
1,40.83156825688134,43.149122523973475,40.34021177653092,42.6250114440918,24430700
1,42.174591875320395,42.330186332375206,37.89980700013926,38.464866638183594,19855500
1,39.18629490304939,40.54669916723633,38.945734763459285,39.26924514770508,9645900
1,39.81671998359471,40.10704896773564,38.099624187450075,39.30242156982422,11070800
1,39.66740897472087,40.48033333450783,38.680287215911434,40.04069137573242,13544400
1,39.75035902399388,42.15595389520825,39.31901398970804,39.84990310668945,17571200
1,39.899678770419776,41.5338246826214,36.10879466254383,37.510677337646484,33139300
1,37.676578791600534,38.00009237702279,36.63968479362365,37.58533477783203,16251500
1,37.65999107515722,38.82131044820366,36.954901261613585,37.38624954223633,14529300
1,37.494087248106176,38.15769876771837,36.91342598181451,37.19546127319336,11831700
1,37.311585853313595,38.89595944183741,37.12909153322383,38.655399322509766,10369900
1,39.186297558084284,40.521814307882146,38.28212590694025,38.995506286621094,17241000
1,37.91714123647059,39.036988720170775,37.53556498173552,38.60564041137695,12406900
1,38.954034160429515,41.07759427308075,38.87937766369394,40.49693298339844,16303000
1,39.81672365770442,40.7955517007709,38.895961416824186,39.99921798706055,13139200
1,40.83154974253494,42.63096261436993,40.42794338687292,40.98290252685547,13688000
1,41.35287642601265,43.58112337494328,40.98290471545947,42.857994079589844,12084200
1,42.6729980087784,44.13607363755643,42.260981444256004,43.25318145751953,10407100
1,43.387730353250305,44.56491815354524,41.1426690349642,42.66460418701172,19343600
1,42.42074949961925,42.73186212136851,39.4525561694254,40.209320068359375,18247700
1,40.76427799512875,45.22917845262091,40.31862993860363,44.976924896240234,14993700
1,46.16252107643655,46.73429753449117,44.371515312013166,46.00275802612305,16149600
1,46.24660408944323,47.46583338422599,45.851404809890276,46.759521484375,12055200
1,47.1799450696401,49.71930443798222,47.095858410542505,49.172752380371094,10479300
1,49.214797286415376,54.083304501328065,48.87004998078267,53.87309265136719,17395700
1,53.629233070040385,55.47069047991818,52.63703312334593,54.45326614379883,15515700
1,54.8232388656045,56.076105903737066,54.23464834881138,54.41963577270508,15451700
1,53.99080158129529,54.73074485771349,52.46887009956294,52.93133544921875,6544800
1,54.255325616861974,54.35727646341471,51.060835509259114,52.81100845336914,11045000
1,52.92145589410211,53.22731166778249,49.93936534167733,50.126277923583984,16137800
1,49.63351216013417,51.9019404394276,49.31066726301871,51.40917205810547,22660100
1,51.99540180175633,53.53317221263957,49.574045391696075,50.97588348388672,23130200
1,51.069329885340224,65.47850937802592,50.245218891723965,56.1754150390625,40848200
1,55.74212788845606,59.26796104865773,55.60618909081924,58.996089935302734,10722800
1,59.19998273734339,62.19906232807203,59.140511142810325,61.349464416503906,9511200
1,61.61285330372117,62.74282036803001,59.514351375329554,62.13960647583008,9639400
1,61.927205356215424,64.81584020966078,60.066583432011676,62.21607208251953,15908500
1,63.966229589702145,64.951759828107,59.77771149216631,62.3434944152832,23426400
1,62.66634890688372,66.26864253215614,61.91869853501637,65.23213195800781,14611300
1,65.5294896324388,66.30262690282856,62.462440416919115,63.405494689941406,22287600
1,64.20412450953062,65.07071167024519,59.92214955100975,64.58644104003906,13459800
1,64.88705506710168,67.28710737267421,64.07275510964837,67.27853393554688,10223100
1,67.76710321665419,69.23284680426256,66.86708866616586,69.02713012695312,10508300
1,69.2842756610151,71.01573676558195,67.48424015597053,70.34715270996094,16186200
1,70.23573636176869,76.47586401300138,69.89287083969324,76.41586303710938,17463300
1,76.78441303943619,83.24740179564843,76.78441303943619,79.57875061035156,20041300
1,80.5730712030179,80.5730712030179,74.46152039049696,78.48159790039062,21596900
1,79.25304271206167,84.91887297256534,71.90717900254839,83.97599792480469,25361900
1,83.99276972942985,91.73053575192998,79.17393569085867,81.1083755493164,26146600
1,82.23104193945495,86.01356381745511,80.38295984215787,82.6887435913086,14888500
1,84.761361429687,86.69580122164803,82.95645486925432,85.59904479980469,7014000
1,86.09994555844179,87.78395050440376,82.92193316496929,83.56962585449219,11643300
1,83.56098836038761,83.776885907193,73.40516591383418,73.66424560546875,13876100
1,74.60555082322986,75.7368517854531,72.27386010708449,74.70054626464844,11095800
1,74.7005395979871,76.6867993557134,74.0873914508867,75.15824127197266,7645300
1,74.88190748436435,76.52273022664589,73.04246268034571,75.96139526367188,7222200
1,76.38454257863168,78.34489581759145,72.60202026951539,72.9388198852539,8216600
1,71.72116261934873,74.27738860236623,68.1027178820465,73.81968688964844,15849300
1,74.03557990820339,76.81633441069286,71.79024044592424,75.9095687866211,10112200
1,76.557268446304,80.4693307885344,75.84048703742349,79.579833984375,9009500
1,79.31210873568011,81.59199257830292,77.67992403316046,78.0167236328125,7702200
1,79.25166191262187,79.7870901555598,75.52959062731465,77.239501953125,7132100
1,77.78355359886638,79.74390006443151,73.09425948084083,74.53645324707031,13797800
1,74.57101182312094,78.37080998879665,74.07876567682077,77.99946594238281,8546600
1,78.28442865674953,78.41396846428852,71.99749500571819,72.47246551513672,13834400
1,72.42929514689125,74.27737720640125,70.87483052269181,72.31702423095703,12042800
1,71.08209886003058,74.49328370042949,70.2012398590601,74.33783721923828,8281400
1,74.86479762925849,76.82369748796872,70.81640325946,73.48921966552734,7827300
1,73.33253107945909,74.68199187672163,69.09259740336266,69.58885192871094,12727600
1,69.51919293152119,72.68825773647045,68.08266473356443,71.38232421875,10265700
1,70.85993720635514,77.45925478591646,69.51047019884972,75.94437408447266,14099400
1,77.12842406943047,78.34729658155918,74.82128035706494,77.54632568359375,14479900
1,77.96423357137712,84.7637919532809,77.88587410640072,84.23271179199219,9782700
1,84.55485882462126,101.80188826770822,84.35461272881487,94.13170623779297,19069500
1,94.19262424127868,94.28839322106742,87.27988138554893,87.7413101196289,13718200
1,88.01991852344098,90.27483387078576,85.38193385771318,85.86077880859375,7436200
1,87.73259980459247,94.41897884318396,87.66295507387171,91.77229309082031,14653300
1,91.18897342534756,95.23736825272488,88.45522006714451,90.46636199951172,9565800
1,90.26612090590204,92.93022303536547,87.12317385145352,90.98873901367188,11183300
1,90.44895280975095,97.6751207639307,89.80469414912307,97.0047378540039,6764400
1,97.79519700019465,101.97589922051955,97.73384520029369,99.0222396850586,5565300
1,99.06606096197845,103.13282613372726,96.43668658264889,97.25179290771484,8433500
1,96.41039003394242,100.79268049003072,94.78894390255867,95.70922088623047,8738900
1,94.78017163921513,94.94670080612835,83.48262807091727,83.71926879882812,8535900
1,82.11536408299763,102.57189356361478,80.53773677918751,93.79854583740234,24822500
1,93.34277538731527,96.9537846921916,92.47508385462268,95.28851318359375,10690300
1,96.09486859437153,99.47799750253301,94.76265518236431,95.2797622680664,7414500
1,94.97300709086166,98.71548050518129,92.39621795149215,95.21841430664062,7471900
1,93.96507636828497,95.20964532199459,87.14623311033671,91.94046020507812,11148800
1,90.43293762207031,93.44795531235283,87.69838622715054,90.43293762207031,7878900
1,89.63537214565333,91.50223228655373,75.60328196500505,76.54109191894531,14494800
1,76.46219434661984,82.89539956892986,74.06946774189781,82.66751861572266,12145700
1,82.17669740458892,83.02686266674394,77.59281948761478,79.68755340576172,8143200
1,79.91253148981038,83.60351940157587,77.32530782514172,78.95887756347656,7847800
1,79.45337198511919,81.06045252936023,74.91468700563397,75.09129333496094,6913500
1,74.99416865519851,76.6630598888758,71.42680130635193,71.88597106933594,7593600
1,71.87711773608935,76.78665817392778,71.76232196099086,72.77778625488281,8512800
1,71.98307584983372,74.9764902565061,69.71373715277042,72.44224548339844,13156000
1,72.4952294408851,76.59240150677935,70.67622824193877,72.95439910888672,9892600
1,71.53276656869427,72.88377314373153,67.35611903038556,71.26786041259766,8250500
1,71.22369888674821,77.04274046280484,68.96318524455205,70.74687194824219,10830200
1,71.26786018430175,77.92576796689136,69.17512042100377,77.8551254272461,8133400
1,76.6542120170264,76.83964358939436,72.1950088068251,73.03386688232422,8166000
1,73.89922692564421,75.23256930181718,70.75570173065086,71.17955017089844,7476000
1,69.44885945721853,70.17292865564151,61.90794004411687,64.18611145019531,12123300
1,65.09560085272732,65.90796971598346,61.61653381477772,65.47529602050781,9012200
1,66.72812917566128,67.07590318360056,60.655445830056706,61.609596252441406,7423700
1,60.28091629842632,67.37017031224242,60.06690311108534,66.7637939453125,6225800
1,66.47842026812272,69.4835435750443,64.22233948431294,69.18035888671875,7462300
1,69.6975678056392,74.70908229380223,66.8796998528936,68.51156616210938,17477500
1,68.58291691771448,72.10524560874772,67.12939352504205,71.32052612304688,14067500
1,70.41988047906757,72.26576029226192,69.25171699827662,72.18550109863281,6209600
1,72.0695735178642,74.58425028220356,67.47716551256929,74.39698791503906,7426600
1,73.90653660104147,73.93329420016924,69.59056919817735,71.31160736083984,6738000
1,69.7421529384873,70.67847149466677,66.48733939004809,66.54084777832031,7675300
1,65.62236986176721,66.84404171149869,56.62482257899867,58.38153076171875,15872100
1,58.46177260870373,61.70766682069266,56.856660497483404,61.37773132324219,8273200
1,61.72551776498728,62.2873049070267,54.87703485669096,55.92035675048828,14487500
1,55.091045859044954,55.98277533375492,50.721573473972896,51.52412796020508,9711400
1,51.47194822455407,51.99505711500147,47.837255923481614,48.00861740112305,12364300
1,48.3152642022844,52.094261622667304,48.008615008805165,48.48662567138672,18114700
1,48.63995207893252,48.79327495570269,44.75272309560746,46.547523498535156,12310800
1,47.64785080717832,50.2994618441553,47.01651386299059,50.24534606933594,11822500
1,50.52494104408715,52.310720396485316,45.51934693562886,46.40321731567383,27465200
1,46.03343988358172,46.62869973377846,42.81362477017524,46.1055908203125,14166800
1,46.43026892545079,51.9499503309984,45.5824758132569,51.54409408569336,12759700
1,50.99394033777951,52.36484255570487,47.106710954573195,49.21717834472656,11253300
1,48.64896653573322,49.98379134174469,48.09880497744212,49.33441925048828,5412300
1,48.802292132769225,49.13599746928698,44.806835348389036,47.77411651611328,13003100
1,47.72902323751757,50.25437122214567,46.29499121211053,48.82935333251953,11251600
1,48.70308257242455,52.47306220234558,46.294987363343694,47.01651382446289,16061100
1,46.89926970937685,47.521585703475395,44.13942683020303,45.555423736572266,10380900
1,46.32669044349131,48.932908317014956,45.778014098033424,48.109893798828125,7376400
1,48.32022347297006,51.27393844737864,46.58274243465942,51.12762451171875,10147900
1,51.69459073341071,53.37720274281128,50.44177743749163,52.36214828491211,9500700
1,52.06037336340638,54.76718271993079,51.09104143009464,54.26422882080078,11364700
1,55.37986547935866,64.9268553479359,55.279274018563164,63.088783264160156,25515500
1,62.183481289848764,67.43249672757648,59.76015305010521,64.82627868652344,16627800
1,63.83864567557066,66.63690658078602,62.99734157610872,65.18290710449219,11739800
1,64.94515465485092,66.3991543512483,63.23511342942073,64.25016784667969,6921500
1,63.28997834558352,63.57345962040099,59.12002963070107,60.436851501464844,6789300
1,60.61974462685668,60.930658654498046,57.12649673461425,59.04686737060547,11622600
1,59.668702484625065,59.778440541071674,56.03828376122686,56.468082427978516,11762400
1,55.7913854259377,57.11735745771378,53.78871273578174,55.827964782714844,14924300
1,55.28842991488849,57.28195945362943,54.71232075975095,56.367496490478516,10657400
1,57.54697919659104,61.23730898694769,54.73529700418923,61.15407180786133,11543300
1,61.0430862937812,61.48703911709335,59.01756697327425,59.563255310058594,6383700
1,59.53550619307002,62.72639179061727,59.05455674049034,59.15629577636719,10540700
1,58.88807271659464,59.87771024836193,50.24030444458854,52.18258285522461,21322300
1,52.201086730572484,54.53182318800663,51.5906560056394,54.35609436035156,12229900
1,54.32834538934086,54.65205729680517,50.37904247730044,51.7386360168457,9969700
1,51.5999035106938,53.73640914212141,50.970974499069655,53.2462158203125,8578100
1,54.39308735051807,58.33313930435888,53.76415833956581,57.5839729309082,9763600
1,57.22326702137719,58.83258627761589,55.09600869321432,57.611724853515625,10525700
1,57.371245944035934,57.75045282047954,54.38383498508856,57.53772735595703,12177000
1,57.25101395059971,57.482237749223785,52.774521068109756,56.31686782836914,14464600
1,56.501851512105034,61.92173476603303,56.47410578335822,59.470767974853516,13116800
1,58.111161557555256,58.57360911337271,55.660188100444785,55.7896728515625,6061800
1,56.515923410649606,58.498284687594605,56.10449175524108,57.85308074951172,8785100
1,57.97464783028014,58.5637460570008,55.880078339177736,56.36631774902344,4978700
1,55.89877819011602,58.87231675373814,55.77722101744087,57.57256317138672,9250300
1,56.88995255143745,57.75021967910744,54.617720439098306,55.739810943603516,9267500
1,55.477994068590164,59.919599726654894,53.598491571536805,59.330501556396484,20770400
1,59.966356175027,64.26770681006097,58.98453172194348,62.45365905761719,16622200
1,63.27651915715995,64.92225304076064,61.88325950115175,62.50975799560547,9519100
1,62.60325100319447,63.472870796948555,59.498806718098564,60.17205810546875,9384600
1,60.05051380550991,62.201181887694716,59.38660788697793,60.237525939941406,7872200
1,60.46194549146323,69.67243168236175,60.37778504210032,68.9150161743164,12396800
1,68.30722215476392,69.23294427917416,59.00322291134165,61.12584686279297,29700900
1,61.51857653968036,61.51857653968036,58.376724406455956,59.61102294921875,16320900
1,59.60166806076361,62.65936302012878,59.46140541691961,61.621429443359375,11127800
1,60.77987165495284,62.01417030166042,59.20894545604722,61.668190002441406,9695000
1,62.453130248826454,63.69122719019263,61.35679462849682,62.42477798461914,9662800
1,62.21685370614262,66.3848025194549,61.80100125641044,64.67414855957031,12752000
1,64.83481946101503,65.66652440228386,62.509839868249955,63.02965545654297,16154800
1,62.64216211758389,66.46042399094863,60.60071938754984,64.45677947998047,18728200
1,65.1372522193558,69.76831205316495,63.256477462940595,68.31283569335938,16277800
1,67.95370376341671,69.05003234618414,66.45096862735883,68.44515991210938,10164100
1,68.38844998279363,72.04604377819828,67.7363190118969,71.71524810791016,10321100
1,71.71523925336069,73.08565871787907,71.37499767669728,71.90426635742188,4822100
1,72.30121606844139,75.06094702964883,72.11219616559319,74.83412170410156,10380500
1,74.31432512563279,76.31796977627384,72.65092936613912,76.166748046875,10379300
1,76.55423994464253,83.10388076166565,76.52588767614452,79.65421295166016,16735400
1,79.69200903025738,81.01517001989818,77.32922412398712,80.48590850830078,8315300
1,81.1630772933824,82.89765655069489,81.04870679341272,81.36322021484375,4785900
1,80.72466425105478,80.81997664090395,76.06417342295651,76.51211547851562,7642800
1,76.31196828466813,78.94243158288705,75.6638833350001,78.894775390625,10763800
1,79.68582675797794,82.24957591429474,78.49449458813771,81.41087341308594,9472000
1,82.90718560090383,87.72017043340021,81.86834744813913,86.19526672363281,20795500
1,86.42400677793036,87.29129287226827,81.38228783836064,83.41231536865234,14437500
1,83.07872794496119,85.27078176879206,81.12494779628145,85.2136001586914,9681500
1,85.1373694060183,86.40494866136561,82.01131475472185,83.41231536865234,8591700
1,83.06920968549319,84.27006722901376,80.00986239771888,83.85072326660156,7385600
1,84.04133541599946,93.54340180052242,83.61245875085413,92.59986877441406,14781400
1,92.95250309617704,96.50744160662147,87.05302367136754,88.33966827392578,18611100
1,87.03397540596495,88.39685989793944,80.67702776542833,81.97319793701172,18634200
1,82.59267920308558,87.17692301264658,80.25766381448925,84.83238220214844,12680400
1,85.19723864488115,94.11378637185362,84.1883662819352,89.40570068359375,15240600
1,89.50178008836563,90.64516873277032,85.71608791142674,86.46553802490234,13383200
1,87.74345460531505,88.43525699948563,81.76705954861751,81.8535385131836,13130100
1,83.28518639780701,83.6887353787045,79.08633439011636,79.23046112060547,13540300
1,79.38418844722112,87.43598291632804,79.30731988971154,82.67024230957031,23650000
1,82.61259316686541,84.45739453252405,81.03681708678603,84.07305908203125,9282000
1,84.62073975802913,90.3665363922144,84.55348159998,90.3281021118164,8681000
1,90.8469546338503,95.31483163994992,88.8291952149272,91.53874969482422,11749800
1,91.49071175389791,93.33551323248469,89.34804643438649,90.50105285644531,9843400
1,91.27932078094432,93.12412213633363,86.89791572924746,89.58824920654297,12445200
1,89.96298160288664,93.85436642318922,86.72497222957877,92.34585571289062,12603400
1,91.72130506316189,101.15670414515952,91.28893226028045,99.79232025146484,11587500
1,100.33039262587424,103.68371217706864,97.05394896743428,99.04287719726562,11465700
1,99.43051277364297,102.01299603397183,98.45361562066033,99.88510131835938,8929000
1,99.6239677531725,100.58151644497721,97.75722709136235,98.6954345703125,5008900
1,99.45953796154531,105.39828629864958,99.17904241984375,103.5895767211914,9311500
1,103.83138397553404,106.03665115841149,99.11133855567927,99.2660903930664,11185400
1,100.72659126096322,109.84750341668784,99.50788835230311,100.28166961669922,22767000
1,100.66855998327006,100.88135019938376,90.38697595808058,91.47026824951172,16348200
1,87.62072101110347,93.81094919124438,87.05006302887918,93.12422180175781,13679200
1,92.86306100483776,99.20804006869507,91.9828847345656,98.39557647705078,9789300
1,98.23115600587151,101.76152108985472,97.44770781312522,100.98774719238281,7743300
1,100.34937385702783,101.78086696714432,93.97537861628152,96.28704071044922,9905000
1,96.2870486638557,98.79215258932744,91.59601140224548,94.76850891113281,9935900
1,96.09359968211758,99.4015004371016,94.76850894855544,98.78247833251953,10368600
1,98.49231557181479,102.33219189528486,97.41869749822351,101.30693054199219,11933000
1,101.66479544108692,107.29403219311507,101.4036411363722,105.17581176757812,8779400
1,105.89319436153299,107.11035751511383,103.56597900620437,104.42285919189453,7815200
1,103.30308238147073,107.00326186922679,101.77432553905595,106.92536163330078,9144000
1,107.11035600460622,112.29060201603366,105.98082504810456,109.17466735839844,9047600
1,108.67806680318147,109.78811903099506,99.66131986961393,100.30398559570312,19591400
1,101.04400391155026,101.1608542381118,96.06824822629346,96.50642395019531,12353700
1,96.23379474471726,103.44913445998355,96.23379474471726,102.0274887084961,9175600
1,101.93984788341334,102.06643017331352,93.87736057466786,94.24737548828125,9069300
1,94.83162164221882,98.0157248343112,93.57550828862938,97.00304412841797,9446800
1,98.34678846391597,100.67400395305106,96.03904431760901,98.66812133789062,9710900
1,99.14524107276148,102.35855475463147,92.47518850842911,95.92219543457031,15322000
1,95.84429347339663,97.54832184948538,93.01073415067859,93.23469543457031,15577700
1,93.50550487474553,95.3006711114463,85.21636058849825,85.64797973632812,19685600
1,85.79512287898424,87.47257066209689,85.34388027219626,85.72645568847656,6243200
1,85.02997445869752,87.48238488092097,83.62719539781922,87.45295715332031,7587600
1,88.60069417382536,89.84651552628668,84.99074529539166,87.17829895019531,10269400
1,85.88342241383754,96.06582855541986,85.31446135705927,95.81077575683594,19298300
1,97.94927801585645,109.77971185744629,97.33127323801706,106.13052368164062,23281900
1,103.09933608550446,104.96316956527178,94.43742038966658,94.52571105957031,17209800
1,92.79920476049291,96.37972531482261,90.9157554360358,94.3197021484375,13304600
1,95.55572469987312,100.78425810956716,94.27065653035507,99.53843688964844,12256200
1,100.60769243775475,101.49056177145773,98.58690845051723,98.93024444580078,8056200
1,99.04796109923852,101.86332369491515,97.35088966091534,99.9700698852539,18671500
1,100.99026419206612,101.89275696901379,84.65721579724578,86.3248519897461,25294200
1,85.5498855532504,87.76686670374146,82.75413912683624,86.22675323486328,15969500
1,85.97170167076776,89.31679317666432,84.95149800726108,86.58970642089844,12015400
1,88.42628456053143,89.07901909366284,83.40217462783909,83.98567962646484,13267500
1,83.56040295173665,85.39004695536073,63.246395640004316,65.99581146240234,30332400
1,64.28484950190332,75.183600666688,62.494762334514846,69.37818908691406,32593400
1,74.10558922000659,75.59897768354699,70.51553070891698,74.94623565673828,16972200
1,73.63086973845844,82.88788805871184,71.82100982968977,81.79010009765625,17303000
1,81.30549083554367,92.26358592574023,79.67364330562053,92.04600524902344,30184100
1,91.31415771696183,96.65474670458265,90.90866504584834,94.65696716308594,14236500
1,100.01732935892343,107.78096692688892,98.89976473379473,106.60405731201172,22320400
1,104.74474009674609,111.92485728518872,102.5887250133649,111.49958801269531,25529100
1,112.61715245056962,117.81927407151849,111.95451836508244,116.64237213134766,15367300
1,115.72261321033815,128.53013687028294,115.49514043856162,125.57302856445312,22844500
1,128.1147494426705,130.7751555461331,123.25877488579125,125.8697280883789,22104200
1,127.28399024958921,132.2883157754865,126.20598646921651,129.51913452148438,15785200
1,130.874065334032,140.90250124610998,129.47957497778066,139.8838348388672,20316300
1,141.18339524388125,151.28497138970428,140.76581237424807,148.5806121826172,18938200
1,148.61045776646165,150.92706066926388,140.89508794972292,146.3336181640625,22921400
1,147.69575460758227,150.0918993546023,144.6732278702432,148.2127685546875,16504100
1,148.60050860032865,152.99508873155554,143.92752470484623,150.02227783203125,16079400
1,150.6088866280602,156.5445564351514,137.50468753476352,153.91973876953125,31730200
1,155.8883454474988,156.71357421018766,143.9175902147397,149.58480834960938,15110200
1,150.7381406875315,157.09139326396016,150.36032108950542,153.5419158935547,10924700
1,154.05893682741893,159.6466286024063,151.62302890544143,158.29444885253906,10959800
1,158.08564383068176,172.42271738146775,157.76747676225625,166.4373321533203,14354400
1,163.46453561890053,188.1417960450877,162.9176954544216,187.0779571533203,16299100
1,188.89744915085262,198.0942561097758,186.1035955904667,194.86294555664062,18513100
1,198.84986952814316,220.38531403909093,198.50187618805248,219.95777893066406,24434200
1,221.61817391879484,230.62608576827526,211.83476396148598,216.25917053222656,20431800
1,225.44604185347302,263.3070440433327,223.51719567221122,251.33628845214844,28761600
1,259.4293483187382,260.5563962863462,212.0736100353896,213.81903076171875,29061300
1,224.96978090777264,232.39031529912305,210.01901456915814,224.81019592285156,21687600
1,229.3981557277684,240.2197704659489,208.45310672653736,233.5073699951172,16578300
1,240.69851884469085,279.6164203175042,217.1004258014708,255.21044921875,37136000
1,258.0729174006562,283.67575896591,248.827170359456,278.6190185546875,26112800
1,289.94928938756084,297.10054101075144,250.4329680796216,257.5343322753906,21907000
1,256.82619475724493,274.97858263944784,228.01179238915742,236.86856079101562,15885800
1,242.28433640586798,276.8536281621326,242.2743680521931,275.9659729003906,11486300
1,271.3780058645264,278.9381879731928,249.87442534836006,278.06048583984375,14085000
1,280.264719606238,308.1216290933629,277.9408298077955,286.8873596191406,17591000
1,291.1262289978546,304.63077710157125,275.3874911441187,295.5845031738281,38532500
1,300.4617080471533,301.20974549457355,273.99114771854494,285.4710388183594,8963500
1,281.989990234375,289.6499938964844,274.2699890136719,287.5400085449219,8458800
1,294.9700012207031,332.0,277.69000244140625,304.010009765625,22106500
1,299.30999755859375,335.0199890136719,298.0899963378906,326.2300109863281,15031900
1,322.989990234375,350.04998779296875,322.0400085449219,346.1000061035156,14085500
1,348.8500061035156,457.8399963378906,346.0,407.69000244140625,45419600
1,402.5,459.4100036621094,394.239990234375,429.32000732421875,27679500
1,424.0400085449219,459.8399963378906,391.0,425.989990234375,19480600
1,420.0,434.95001220703125,399.1300048828125,411.1099853515625,12185800
1,410.3999938964844,426.5,393.2200012207031,407.8399963378906,18874808
