time,open,high,low,close,EMA1,EMA2,EMA3,EMA4,Fractal High,Fractal Low,HH,LH,LL,HL,ATR
1395667800,28.323519,28.323519,27.571549,27.924097,,,,,0,0,0,0,0,0,
1396272600,28.268168,30.16006,27.076885,27.083866,,,,,0,0,0,0,0,0,
1396877400,26.964189,28.192373,26.255603,26.458555,,,,,0,0,0,0,0,0,
1397482200,26.840025,27.775,25.853194,26.732814,,,,,0,0,0,0,0,0,
1398087000,26.732814,26.789162,25.701599,25.739496,,,26.7877656,,0,0,0,0,0,0,
1398691800,25.789362,26.628092,25.072298,26.325414,,,26.6336484,,0,1,0,0,0,0,
1399296600,26.170333,26.373784,25.097231,25.866653,,,26.377983266666664,,0,0,0,0,0,0,
1399901400,26.105009,26.731318,25.702596,25.961397,,,26.239121177777776,,0,0,0,0,0,0,
1400506200,25.915022,27.607452,25.809457,27.560579,,,26.67960711851852,,0,0,0,0,0,0,
1401197400,27.725135,28.31554,27.642857,27.919111,26.757198199999998,,27.092775079012345,,1,0,0,0,0,0,
1401715800,27.959502,27.969475,26.864957,27.74159,26.936178527272727,,27.309046719341563,,0,0,0,0,0,0,
1402320600,27.78248,28.104111,27.20454,27.513706,27.04118352231405,,27.37726647956104,,0,0,0,0,0,0,
1402925400,27.389042,27.803922,26.893879,27.743086,27.168802154620586,,27.499206319707362,,0,0,0,0,0,0,
1403530200,27.682749,29.044073,27.63787,28.784275,27.462524490144116,,27.927562546471574,,0,0,0,0,0,0,1.3939745714285714
1404135000,28.855083,29.193166,28.66011,29.157766,27.77075021920882,,28.337630364314382,,0,0,0,0,0,0,1.3324803877551024
1404739800,29.109397,29.242532,28.174421,28.881013,27.972616179352674,,28.51875790954292,,0,0,0,0,0,0,1.3135968600583094
1405344600,29.051553,29.759641,28.353937,29.673872,28.28193541947037,,28.90379593969528,,0,0,0,0,0,0,1.320175941482716
1405949400,29.507821,29.901757,29.182828,29.371688,28.480072252293937,,29.059759959796853,,1,0,0,0,0,0,1.2772297313768077
1406554200,29.324316,29.54522,28.066712,28.227279,28.434109842785947,,28.782266306531234,,0,0,0,0,0,0,1.2916067505641788
1407159000,28.375379,28.690029,27.924596,28.361915,28.420983507733958,27.651408600000003,28.642149204354155,,0,1,0,0,0,0,1.254022911238166
1407763800,28.422751,28.890986,27.968478,28.596781,28.452946688145964,27.74144406666667,28.627026469569437,,0,0,0,0,0,0,1.2303432747211542
1408368600,28.727927,29.287915,28.722442,29.049558,28.561421472119424,27.86602634603175,28.76787031304629,,1,0,0,0,0,0,1.1918283265267864
1408973400,29.157267,29.17123,28.277104,28.503034,28.55080556809771,27.92669374164777,28.67959154203086,,0,0,0,0,0,0,1.170563874632016
1409664600,28.5155,29.248521,28.482589,29.225084,28.6734016466254,28.050349956728937,28.861422361353906,,0,0,0,0,0,0,1.1416615978725861
1410183000,29.251014,29.508818,28.645649,28.703493,28.67887280178442,28.112554056088086,28.808779240902606,,0,0,0,0,0,0,1.1217692694531158
1410787800,28.569854,29.743684,28.333991,29.723738,28.86884829236907,28.26600014598446,29.11376549393507,,1,0,0,0,0,0,1.1423352502064645
1411392600,29.611042,29.617475,28.631687,28.777293,28.852201875574693,28.31469470350975,29.001607995956714,,0,0,0,0,0,0,1.13874351804886
1411997400,28.510514,28.914423,28.090149,28.686539,28.82208135274293,28.350108446032632,28.896584997304476,,0,0,0,0,0,0,1.1162814096167986
1412602200,28.862065,28.971768,27.129244,27.151184,28.5182818340624,28.235925165458095,28.314784664869652,,0,0,0,0,0,0,1.1681558803584557
1413207000,27.176117,27.40101,25.358026,25.489671,27.967625318778328,27.97437714970018,27.3730801099131,,0,0,0,0,0,0,1.2306436031899948
1413811800,25.403903,27.287317,25.336584,26.916319,27.776478715364085,27.873609706871594,27.220826406608733,,0,1,0,0,0,0,1.2820785601049955
1414416600,26.779189,27.903154,26.779189,27.87872,27.795068039843343,27.87409640145525,27.440124271072488,,1,0,0,0,0,0,1.2707847343832104
1415025000,27.700202,27.819879,26.860968,26.977653,27.64644712350819,27.788720839411894,27.28596718071499,,0,0,0,0,0,0,1.2527109676415527
1415629800,27.000092,27.522676,26.978152,27.146697,27.555583464688517,27.727575711848857,27.239543787143326,,0,0,0,0,0,0,1.2021618270957275
1416234600,27.105807,27.116279,26.432625,26.802626,27.418682107472424,27.639485263101346,27.093904524762216,,0,0,0,0,0,0,1.1672982680174613
1416839400,26.810105,27.125753,26.708879,27.018543,27.34592954247744,27.58034790471074,27.068784016508143,,0,0,0,0,0,0,1.1136965345876426
1417444200,26.872437,26.997599,26.143406,26.192274,27.136173989299724,27.448150389976384,26.776614011005428,,0,0,0,0,0,0,1.0966565678313827
1418049000,26.285522,26.744283,25.863162,25.863162,26.9047172639725,27.297199114740536,26.47213000733695,,0,0,0,0,0,0,1.081261170129141
1418653800,26.066613,26.084565,24.384156,25.747973,26.69440012506841,27.14965377047953,26.230744338224635,,0,1,0,0,0,0,1.1254860151199166
1419258600,25.73451,26.656021,25.73451,26.629593,26.68261701141961,27.100124173291004,26.363693892149758,,0,0,0,0,0,0,1.1109163711827796
1419863400,26.537841,26.701898,26.13443,26.169834,26.589383736616043,27.01152510916805,26.29907392809984,,1,0,0,0,0,0,1.0720986303840099
1420468200,26.092543,26.145899,24.483887,24.741691,26.25343960268585,26.795350432104428,25.779946285399895,,0,0,0,0,0,0,1.1159449424994379
1421073000,24.680356,25.341072,24.31235,25.335587,26.086557311288423,26.65632534333258,25.63182652359993,,0,1,0,0,0,0,1.1097147323209067
1421764200,25.481194,27.035497,25.232665,26.924796,26.23896434559962,26.681893977300906,26.06281634906662,,1,0,0,0,0,0,1.159223108583699
1422282600,26.853987,26.920807,24.992513,26.654027,26.314430282763325,26.679239979462725,26.25988656604441,,0,0,0,0,0,0,1.214441672256292
1422887400,26.514903,26.787666,25.857677,26.478501,26.344261322260902,26.660121981418655,26.332758044029607,,0,0,0,0,0,0,1.1941236242379856
1423492200,26.328905,27.421455,26.230171,27.376576,26.531954900031646,26.728355697474022,26.680697362686406,,0,0,0,0,0,0,1.1939207939352723
1424183400,27.267869,27.425943,26.717855,26.87493,26.5943140091168,26.742315154857447,26.74544157512427,,0,0,0,0,0,0,1.1592184515113242
1424701800,26.730321,28.159462,26.341371,27.844811,26.82167709836829,26.84731475915674,27.111898050082846,,0,0,0,0,0,0,1.2062807764033727
1425306600,27.951025,28.817684,27.862264,28.307811,27.09188326230133,26.98640963923705,27.510535700055232,27.41633342,1,0,0,0,0,0,1.1896087923745604
1425907800,28.266672,28.436713,27.137721,27.292303,27.12832321461018,27.01554234026209,27.437791466703487,27.411469481960786,0,0,0,0,0,0,1.1974218786335205
1426512600,27.473315,28.010364,27.226481,27.942548,27.276364084681056,27.103828593570462,27.60604364446899,27.432296090511343,0,0,0,0,0,0,1.1678833873025545
1427117400,27.946038,28.652131,27.332694,27.343166,27.28850988746632,27.126622632278035,27.518417762979325,27.428800792844232,1,0,0,0,0,0,1.1787086453523723
1427722200,27.506724,27.660808,26.620453,26.704391,27.182306453381532,27.086410095870605,27.247075508652884,27.40039256567387,0,0,0,0,0,0,1.168826242112917
1428327000,26.539337,27.119271,26.407193,26.927788,27.136030370948525,27.071303229597213,27.140646339101924,27.3818590532945,0,0,0,0,0,0,1.13620136767628
1428931800,26.848003,27.129742,25.980346,26.131937,26.953467939866975,26.981839779159383,26.804409892734615,27.332842502184914,0,1,0,0,0,0,1.1371438414136885
1429536600,26.209228,28.480096,26.154376,28.176915,27.175912859891163,27.09565646685849,27.26191159515641,27.365943384452173,1,0,0,0,0,0,1.2236449241698537
1430141400,28.1695,28.2975,26.605,26.895,27.124837794456408,27.076546327157683,27.139607730104274,27.34747501643444,0,0,0,0,0,0,1.2571345724434355
1430746200,26.9265,27.2035,26.05425,26.911,27.085958195464332,27.060780010285523,27.06340515340285,27.330358349123287,0,1,0,0,0,0,1.2494285315546185
1431351000,26.9185,27.099,26.263,26.6925,27.014420341743545,27.025705723591663,26.939770102268568,27.305344296216493,0,0,0,0,0,0,1.21989792215786
1431955800,26.6005,27.2095,26.4425,27.0055,27.012798461426538,27.023781368963885,26.961680068179046,27.293585696364865,1,0,0,0,0,0,1.1875480705751558
1432647000,26.906,27.0305,26.494,26.6055,26.938744195712623,26.983945048110183,26.84295337878603,27.266601943566243,0,0,0,0,0,0,1.1410446369626446
1433165400,26.8395,27.175,26.488,26.6665,26.8892452510376,26.953712186385403,26.784135585857353,27.243068534014625,0,0,0,0,0,0,1.1086128771795987
1433770200,26.6655,26.949,26.1505,26.6165,26.8396552053944,26.921596740062984,26.728257057238235,27.21849721895523,0,1,0,0,0,0,1.0864619573810559
1434375000,26.4,26.9125,26.2,26.8345,26.83871789532269,26.91330181243794,26.763671371492155,27.203438504486396,0,0,0,0,0,0,1.0597503889966948
1434979800,26.9795,27.187,26.5675,26.5845,26.792496459809474,26.881987354110517,26.703947580994768,27.179166406271243,1,0,0,0,0,0,1.0283039326397883
1435584600,26.2505,26.4305,25.911525,26.17,26.67931528529866,26.814179034671422,26.52596505399651,27.139591253084134,0,0,0,0,0,0,1.002923294594089
1436189400,25.975,26.628,25.759,26.5065,26.64789432433527,26.784876269464622,26.519476702664342,27.114764145120052,0,1,0,0,0,0,0.9933573449802254
1436794200,26.644,33.7234,26.620005,33.6465,27.92036808354704,27.438364243801324,28.89515113510956,27.370910649232993,0,0,0,0,0,0,1.4378961060530666
1437399000,32.962,33.932,31.126,31.178,28.512664795629394,27.79452003010596,29.656100756739708,27.5202082708317,1,0,0,0,0,0,1.5356178127635618
1438003800,31.05,31.761,31.025,31.2805,29.015907560060413,28.12651812247682,30.197567171159804,27.667670691583396,0,0,0,0,0,0,1.4785022547090219
1438608600,31.267,32.393,31.267,31.765,29.515742549140338,28.473040206050456,30.720044780773204,27.828350272305617,0,0,0,0,0,0,1.453323522229806
1439213400,31.974,33.745,31.56245,32.856,30.123062085660276,28.890464948331363,31.432029853848803,28.025513006725003,1,0,0,0,0,0,1.5054111277848197
1439818200,32.84,33.35,30.6165,30.624,30.21414170644932,29.055563524680757,31.162686569232534,28.12741445744167,0,0,0,0,0,0,1.5931317615144756
1440423000,28.65,32.1795,28.2525,31.519,30.45138866891308,29.29017652233021,31.281457712821688,28.260417812051802,0,1,0,0,0,0,1.7598366356920128
1441027800,31.377,31.79,29.705,30.035,30.37568163820161,29.361112091632094,30.86597180854779,28.330009270402712,0,0,0,0,0,0,1.7830625902854405
1441719000,30.6245,31.326,30.206,31.2885,30.541648613074045,29.54467284480999,31.00681453903186,28.446028514700647,0,0,0,0,0,0,1.747915262407909
1442237400,31.285,32.545,30.9715,31.4625,30.709076137969674,29.727323050066182,31.158709692687907,28.56432151412415,1,0,0,0,0,0,1.735457029378773
1442842200,31.72,31.8245,30.55,30.5985,30.688971385611552,29.810292283393213,30.971973128458604,28.644093219452614,0,0,0,0,0,0,1.7025315272802892
1443447000,30.517,31.367,29.469,31.3455,30.80834022459127,29.95650254211767,31.09648208563907,28.750030740258396,0,1,0,0,0,0,1.7164935610459828
1444051800,31.6,32.53045,31.278,32.1805,31.05782382012013,30.168311823820748,31.457821390426048,28.884558946522773,0,0,0,0,0,0,1.6833475923998413
1444656600,32.1045,33.2485,31.9505,33.11,31.43094676191647,30.448472602504484,32.008547593617365,29.050262517247372,0,0,0,0,0,0,1.655822764371281
1445261400,33.059,36.5,32.0865,35.1,32.09804735065893,30.89147521178977,33.039031729078246,29.28750712441414,0,0,0,0,0,0,1.8527997097733324
1445866200,35.0775,35.9575,35.063,35.5405,32.723947832357304,31.334239477333604,33.87285448605216,29.53272253129986,0,0,0,0,0,0,1.7843497305038087
1446474600,35.553,36.974,35.2925,36.688,33.44468459011052,31.844121431873262,34.81123632403477,29.813321647719473,0,0,0,0,0,0,1.777003321182108
1447079400,36.51,37.05,35.8365,35.85,33.88201466463588,32.22563367645676,35.15749088268985,30.050054132122632,0,0,0,0,0,0,1.7367530839548142
1447684200,35.78,37.896,35.5665,37.83,34.59983018015663,32.759382850127544,36.048327255126566,30.35515004850998,0,0,0,0,0,0,1.7790921493866134
1448289000,37.8725,38.135375,36.8815,37.513,35.12949742012815,33.21210829297254,36.53655150341771,30.63585004660763,0,0,0,0,0,0,1.741576638716141
1448893800,37.4405,38.79775,37.0635,38.3405,35.71331607101394,33.70052655078468,37.13786766894514,30.93799318203478,1,0,0,0,0,0,1.7410533073792742
1449498600,38.3885,38.4365,36.8375,36.9435,35.93698587628413,34.009381164995666,37.073078445963425,31.173503253327535,0,0,0,0,0,0,1.7309066425664692
1450103400,37.0895,38.134,36.2085,36.9655,36.123988444232474,34.29091629213894,37.03721896397562,31.400640380648024,0,1,0,0,0,0,1.7448061680974356
1450708200,37.3065,37.7425,37,37.42,36.35962690891748,34.588924264316184,37.16481264265041,31.636693699053986,0,0,0,0,0,0,1.675677156090476
1451313000,37.646,38.999,37.476,37.944,36.647694743659756,34.90845528676226,37.42454176176694,31.884039044189123,1,0,0,0,0,0,1.6687716449411563
1451917800,37.15,37.6,35.65,35.7235,36.47965933572162,34.98607859278491,36.85752784117796,32.034606140495434,0,0,0,0,0,0,1.7134308131596454
1452522600,35.8305,36.737,34.2685,34.7225,36.16017582013587,34.96097586966253,36.14585189411864,32.14001374282895,0,0,0,0,0,0,1.7673643265053849
1453213800,35.165,36.4065,33.663,36.2625,36.178780216474806,35.08493054874229,36.184734596079096,32.301679870561145,0,1,0,0,0,0,1.837088303183572
1453732200,36.179,37.249495,34.7195,37.1475,36.35491108620666,35.28136573457636,36.50565639738606,32.491712032499926,0,0,0,0,0,0,1.8865816386704601
1454337000,37.523,39.493495,34.0075,34.1785,35.959199979623634,35.176330902711946,35.72993759825737,32.55786058024503,1,0,0,0,0,0,2.1436825930511416
1454941800,33.3925,35.0655,33.153,34.12,35.62479998332843,35.07572795959652,35.19329173217158,32.61912094964718,0,1,0,0,0,0,2.127169550690346
1455633000,34.649,35.6175,34.2525,35.0455,35.519472713632354,35.07284910630161,35.14402782144772,32.71427306926886,0,0,0,0,0,0,2.0821931542124643
1456151400,35.3725,35.6715,34.039,35.2535,35.47111403842647,35.090053953320506,35.18051854763181,32.813850595964205,0,0,0,0,0,0,2.05007221462586
1456756200,35.016,36,34.884,35.5445,35.48445694053075,35.13333452919474,35.30184569842121,32.92093488631855,0,0,0,0,0,0,1.9833527707240126
1457361000,35.345,36.346,34.267,36.341,35.64019204225243,35.24835028831905,35.64823046561414,33.05505508685508,0,0,0,0,0,0,1.990184715672297
1457962200,36.3405,37.1535,36.2255,36.88,35.86561167093381,35.40374549895533,36.05882031040943,33.20505292658625,0,0,0,0,0,0,1.9143143788385617
1458567000,36.825,37.285995,36.55,36.765,36.02913682167312,35.53338878476911,36.294213540272956,33.3446586941711,0,0,0,0,0,0,1.8301487089215218
1459171800,36.8395,37.894,36.438,37.4955,36.29574830864164,35.720256519553004,36.69464236018197,33.50743678459576,0,0,0,0,0,0,1.8034238011414128
1459776600,37.503,37.64,36.7685,36.9575,36.416066797979525,35.838089231976525,36.78226157345465,33.64273338127828,0,0,0,0,0,0,1.7368578153455974
1460381400,37.151,38.05,36.5505,37.95,36.69496374380143,36.0392235908359,37.17150771563643,33.811645797698745,0,0,0,0,0,0,1.7199036856780545
1460986200,38.023,38.495,35.6805,35.9385,36.55742488129208,36.02963086789915,36.76050514375762,33.89505184484781,1,0,0,0,0,0,1.7980891367010503
1461591000,35.805,36.2883,34.45,34.6505,36.2107112665117,35.898285070956376,36.057170095838416,33.92467726269692,0,1,0,0,0,0,1.8009613412224037
1462195800,34.8815,35.593,34.4505,35.556,36.09167285441866,35.86568649277005,35.89011339722561,33.98865070337547,0,0,0,0,0,0,1.7539283882779466
1462800600,35.6,36.224,35.45,35.5415,35.99164142634254,35.83481158869672,35.77390893148374,34.04954675422349,0,0,0,0,0,0,1.6839335034009502
1463405400,35.4565,36.076,34.84,35.487,35.8998884397348,35.8016866754875,35.67827262098916,34.10591746974414,0,0,0,0,0,0,1.6519382531580251
1464010200,35.3265,36.6968,35.209,36.633,36.03318145069211,35.88085937306012,35.99651508065944,34.20501874544045,0,0,0,0,0,0,1.640214092218166
1464701400,36.587,36.9865,36.028,36.117,36.04842118692991,35.9033489565782,36.03667672043963,34.279998402482,1,0,0,0,0,0,1.5915202284882972
1465219800,36.2455,36.477,35.7305,35.9705,36.034253698397194,35.909744294046945,36.01461781362642,34.346292582776826,0,0,0,0,0,0,1.531161640739133
1465824600,35.8255,36.272,34.422575,34.586,35.770934844143156,35.78367340889962,35.538411875750946,34.35569287364832,0,0,0,0,0,0,1.5538947378291947
1466429400,34.9385,35.1385,33.6725,33.761,35.40549214520804,35.59103784614727,34.94594125050063,34.33237158448564,0,0,0,0,0,0,1.5476165422699668
1467034200,33.55,35.0325,33.1642,34.9605,35.32458448244294,35.530986622704674,34.950794167000424,34.35700407136856,0,1,0,0,0,0,1.5705225035363974
1467725400,34.803,35.2855,34.41075,35.2815,35.31675094018058,35.5072259919709,35.06102944466695,34.39325881366783,0,0,0,0,0,0,1.5208244675695117
1468243800,35.4025,36.287,35.362,35.9925,35.43961440560229,35.55344256416414,35.371519629777964,34.45597415430831,0,0,0,0,0,0,1.4840155770288324
1468848600,36.1355,37.162,36.0595,37.137,35.74822996822006,35.70425755805327,35.96001308651864,34.561112422766804,0,0,0,0,0,0,1.4615501786696299
1469453400,37.0335,38.9275,36.7135,38.4395,36.23755179218005,35.96475683823867,36.786508724345765,34.71320605324654,0,0,0,0,0,0,1.5152965944789418
1470058200,38.0545,39.152,38.0545,39.111,36.759996920874585,36.2643990441207,37.56133914956384,34.88566856096236,0,0,0,0,0,0,1.485453980587589
1470663000,39.1,39.4875,38.90455,39.161,37.19654293526102,36.540265801823494,38.09455943304256,35.05332861739521,1,0,0,0,0,0,1.420989410545618
1471267800,39.1875,39.3745,38.6565,38.771,37.482807856122655,36.752716677840304,38.320039622028375,35.19911965200716,0,0,0,0,0,0,1.3707758812209307
1471872600,38.6635,38.822,38.15923,38.477,37.663570064100355,36.916934137093605,38.372359748018916,35.32766397937943,0,0,0,0,0,0,1.320204032562293
1472477400,38.437,38.7495,38.215,38.573,37.82892096153665,37.07465469546564,38.43923983201261,35.454932058619455,0,0,0,0,0,0,1.2640823159507002
1473168600,38.6725,39.1365,37.983,37.983,37.85693533216635,37.16116377208796,38.287159888008404,35.55407197788928,0,0,0,0,0,0,1.256183579097079
1473687000,37.7565,38.69,37.700005,38.444,37.96367436268156,37.28333865093673,38.33943992533894,35.667402488560285,0,1,0,0,0,0,1.2371701091615734
1474291800,38.621,39.4925,38.22203,39.345,38.21482447855764,37.47968735084751,38.674626616892624,35.811621998812825,1,0,0,0,0,0,1.2395486727928897
1474896600,39.137,39.299495,38.6535,38.8645,38.33294730063807,37.61157426981442,38.73791774459508,35.93134270474173,0,0,0,0,0,0,1.2004023390219687
1475501400,38.7125,39.1035,38.475,38.754,38.409502336885694,37.72037672030828,38.74327849639672,36.042035147693035,0,0,0,0,0,0,1.1595521719489705
1476106200,38.8855,39.614,38.65,38.9265,38.50350191199738,37.83524560408844,38.804352330931145,36.15515141641095,0,0,0,0,0,0,1.1455841596669012
1476711000,38.99,40.2315,38.875,39.9685,38.76986520072513,38.03841268941335,39.1924015539541,36.30469449812033,0,0,0,0,0,0,1.1606495768335507
1477315800,40.245,40.834,39.575,39.7685,38.95143516422965,38.20318290946922,39.38443436930273,36.440530007997964,1,0,0,0,0,0,1.1676746070597257
1477920600,39.7735,39.843,37.528055,38.101,38.79681058891517,38.19345120380549,38.95662291286849,36.50564647827255,0,0,0,0,0,0,1.2496224922697454
1478529000,38.725,39.78165,37.519,37.701,38.597572300021504,38.14655108915735,38.538081941912324,36.552523086967746,0,0,0,0,0,0,1.3219815999647635
1479133800,37.78,38.75,36.377,38.027,38.493831881835774,38.13516527114236,38.36772129460822,36.61034571100823,0,1,0,0,0,0,1.397054342824423
1479738600,38.1305,38.848,37.7625,38.084,38.41931699422927,38.13029238817642,38.273147529738814,36.66813607528242,0,0,0,0,0,0,1.374800461194107
1480343400,38,38.9765,36.851225,37.525,38.256713904369406,38.07264549406438,38.02376501982587,36.70173858213409,0,0,0,0,0,0,1.428405785394528
1480948200,37.8855,39.4715,37.645,39.4645,38.47631137630224,38.20520306605825,38.50401001321725,36.81008216714844,0,0,0,0,0,0,1.4654125150092046
1481553000,39.252,40.218995,39.21777,39.54,38.66970930788365,38.33232658357652,38.849340008811495,36.91713776843673,1,0,0,0,0,0,1.4322562639371184
1482157800,39.511,39.9325,39.3135,39.4955,38.81985307008662,38.443105004188276,39.064726672541,37.01825001281176,0,0,0,0,0,0,1.3741665307987527
1482849000,39.534,39.893,38.5205,38.591,38.77824342097996,38.45719024188463,38.906817781694,37.07992648289758,0,1,0,0,0,0,1.374047492884556
1483453800,38.9405,40.395,38.79,40.3075,39.056290071710876,38.633410218848,39.37371185446267,37.20649799337218,0,0,0,0,0,0,1.404758386249945
1483972200,40.32,40.56122,39.9585,40.394,39.29951005867253,38.80108543610057,39.71380790297511,37.33149807206347,0,0,0,0,0,0,1.3474699300892345
1484663400,40.354,40.474,40.0185,40.251,39.47250822982298,38.93917253742433,39.89287193531674,37.44598834374725,0,0,0,0,0,0,1.2837577922257173
1485181800,40.3625,42.0975,40.187,41.1655,39.78032491530971,39.1512037243363,40.31708129021116,37.59185154595324,1,0,0,0,0,0,1.328525092781023
1485786600,40.733,40.792,39.526,40.0745,39.83381129434431,39.23913670297094,40.236220860140776,37.689210308857035,0,1,0,0,0,0,1.350737586153807
1486391400,39.985,40.7625,39.762505,40.6835,39.98830014991807,39.3766951122118,40.385313906760516,37.8066334339999,0,0,0,0,0,0,1.3256845442856782
1486996200,40.8,41.4035,40.7745,41.4035,40.24560921356933,39.56972414914401,40.72470927117368,37.94768702482343,0,0,0,0,0,0,1.2824213625509866
1487687400,41.433,41.6725,41.144,41.432,40.461316629284,39.74708375398744,40.96047284744912,38.08432674934016,0,0,0,0,0,0,1.2285698366544877
1488205800,41.2275,41.81275,41.01,41.454,40.641804514868724,39.909647205988634,41.12498189829941,38.21647079838564,0,0,0,0,0,0,1.1981541340363102
1488810600,41.3475,42.2455,41.12,42.1625,40.91829460307441,40.124204614942094,41.47082126553294,38.371217041586206,0,0,0,0,0,0,1.1929645530337167
1489411800,42.2,42.67,42.0385,42.606,41.225150129788155,40.360566080185706,41.84921417702196,38.537286961524,0,0,0,0,0,0,1.152859942102737
1490016600,42.5005,42.675,40.4445,40.7215,41.13357737891758,40.39494073921564,41.47330945134797,38.622942374797574,1,0,0,0,0,0,1.2298342319525415
1490621400,40.3475,41.684,40.1685,41.478,41.19619967365984,40.49808924024272,41.47487296756532,38.73490541892316,0,1,0,0,0,0,1.2502389296702165
1491226200,41.461,42.1225,41.025635,41.2335,41.20298155117624,40.5681283602196,41.39441531171021,38.83288952014186,0,0,0,0,0,0,1.239283648979487
1491831000,41.2695,41.4675,40.851005,41.178,41.198439450962375,40.62621137353202,41.322276874473474,38.924854636999044,0,0,0,0,0,0,1.194798745480952
1492435800,41.2505,42.26,41.2235,42.1595,41.37317773260558,40.77223886176707,41.601351249648985,39.051703474763784,0,0,0,0,0,0,1.1867416922323126
1493040600,42.56,45.8425,42.493,45.298,42.08678178122275,41.20326373207497,42.83356749976599,39.296656279675005,0,0,0,0,0,0,1.3650458570728616
1493645400,45.097,46.7965,45.0725,46.3565,42.86309418463679,41.69404813854402,44.007878333177324,39.57351289615834,0,0,0,0,0,0,1.3906854387105145
1494250200,46.306,46.875,46.151505,46.611,43.54453160561192,42.16232926820649,44.87558555545155,39.8494927825835,0,0,0,0,0,0,1.3430289788026204
1494855000,46.6475,47.1555,45.907,46.7005,44.11834404095521,42.59453600456778,45.48389037030103,40.11815973228611,0,0,0,0,0,0,1.336276908888148
1495459800,46.75,48.749,46.75,48.5735,44.92837239714517,43.1639611469899,46.513760246867356,40.44974170356901,0,0,0,0,0,0,1.3871499868247092
1496151000,48.5155,48.9635,48.0005,48.78,45.62866832493695,43.698821990133716,47.269173497911574,40.77641849950748,0,0,0,0,0,0,1.3568535591943731
1496669400,48.8275,49.4125,46.7815,47.4915,45.96736499313023,44.06002941964479,47.34328233194105,41.03975502893856,1,0,0,0,0,0,1.4478640192519179
1497274200,46.978,48.0575,45.76164,46.989,46.1531168125611,44.33897899872624,47.22518822129403,41.27305875329391,0,0,0,0,0,0,1.5084351607339237
1497879000,47.498,48.3,47.4525,48.2795,46.539731937549995,44.71426671313326,47.57662548086269,41.54782115512552,0,0,0,0,0,0,1.4943326492529292
1498483800,48.495,48.6655,45.4155,45.4365,46.3391443125409,44.783050835692,46.863250320575126,41.70031836472844,1,0,0,0,0,0,1.6197374600205772
1499088600,45.609,46.077,44.7395,45.9295,46.264663528442554,44.892236470388,46.55200021371675,41.86616862493516,0,1,0,0,0,0,1.5995776414476788
1499693400,46.0885,47.8455,45.9795,47.7995,46.54372470508936,45.169118711303426,46.96783347581117,42.09884828670241,0,0,0,0,0,0,1.6221792384871307
1500298200,47.85,48.795,47.462035,48.646,46.925956576891295,45.500250262607864,47.527222317207446,42.35559933428271,0,0,0,0,0,0,1.601521078595193
1500903000,48.611,49.31,46,47.0765,46.953328108365604,45.65036928521664,47.37698154480496,42.5407326937226,1,0,0,0,0,0,1.723555287266965
1501507800,47.0945,47.1795,45.834,46.398,46.85235936139004,45.721572210434104,47.05065436320331,42.6919980782825,0,0,0,0,0,0,1.6965513381764672
1502112600,46.453,46.7907,45.279,45.7195,46.646384932046395,45.72137485705943,46.60693624213554,42.81072364384005,0,0,0,0,0,0,1.6833476711638622
1502717400,46.1265,46.635,45.357715,45.5335,46.44404221712887,45.703482013529964,46.249124161423694,42.91749918721887,0,0,0,0,0,0,1.6543431946521578
1503322200,45.5,46.542,45.17,45.7945,46.32594363219635,45.712150393193774,46.097582774282465,43.03032274850441,0,1,0,0,0,0,1.6341758236055752
1503927000,45.8,47.124,45.25,46.867,46.42431751725156,45.822136070032464,46.35405518285498,43.18078067993561,1,0,0,0,0,0,1.651306121919463
1504618200,46.654,46.85,45.9635,46.325,46.406259786842185,45.87002787288652,46.34437012190332,43.30408339836951,0,0,0,0,0,0,1.597891398925215
1505136600,46.7125,46.919,45.818,46.0145,46.33503073468906,45.8837871230878,46.23441341460221,43.41037424549227,0,0,0,0,0,0,1.5623991561448425
1505741400,46.0005,46.8265,45.53,46.4265,46.351661510200145,45.935474063746106,46.298442276401474,43.528653686845516,0,0,0,0,0,0,1.543406359277354
1506346200,46.2725,47.98932,45.485,47.9555,46.64326850834557,46.12785748624648,46.850794850934314,43.70225550304765,0,1,0,0,0,0,1.6120430479004
1506951000,47.999,48.973,47.392,48.9445,47.06167423410092,46.396109154223005,47.54869656728954,43.90783371861441,0,0,0,0,0,0,1.6098256873360854
1507555800,49,49.8605,48.304005,49.484,47.50209710062803,46.690193996677955,48.19379771152636,44.12650690611973,0,0,0,0,0,0,1.6060163525263655
1508160600,49.605,49.836,48.9195,49.41,47.84898853687748,46.94922313985148,48.59919847435091,44.33370271372288,0,0,0,0,0,0,1.556765184488768
1508765400,49.476,52.4195,48.026005,50.9635,48.4152633483543,47.33153522177039,49.3872989829006,44.59369476416512,1,1,0,0,0,0,1.7593887427395705
1509370200,50.7,51.6325,50.375,51.624,48.998670012289885,47.74034139112559,50.1328659886004,44.86939300870767,0,0,0,0,0,0,1.723539546829601
1509978600,51.4495,52.1761,50.98328,51.4035,49.43591182823718,48.08921363958982,50.556410659066934,45.12563249856227,0,0,0,0,0,0,1.6856310077703436
1510583400,51.171,51.796,50.7075,50.9545,49.71201876855769,48.36209805486698,50.689107106044624,45.354215537834335,0,0,0,0,0,0,1.6429787929296045
1511188200,51.013,52.1589,50.875,52.0305,50.13356081063811,48.711469668689176,51.136238070696415,45.616030614782005,0,0,0,0,0,0,1.6173303077203474
1511793000,52,53.11875,50.101,50.5085,50.20173157234027,48.8826154145283,50.926992047130945,45.80789215930036,0,0,0,0,0,0,1.7173602857403225
1512397800,50.633,52.1025,49.414,51.8525,50.50187128646022,49.165461565525604,51.235494698087294,46.044935604033675,0,1,0,0,0,0,1.7867274081874422
1513002600,51.775,53.381,51.60252,53.2095,50.99416741619473,49.550608083094595,51.89349646539153,46.32589891367941,0,0,0,0,0,0,1.7861383076026252
1513607400,53.304,53.9245,52.972,53.006,51.35995515870478,49.87969302756178,52.26433097692769,46.58786366216257,0,0,0,0,0,0,1.7265927142024378
1514298600,52.9035,53.006,52.2385,52.32,51.534508766213,50.112103215413036,52.28288731795179,46.81265332246992,0,0,0,0,0,0,1.6580860917594065
1514903400,52.417,55.2125,52.2615,55.1115,52.18487080871973,50.58823624251656,53.22575821196786,47.1380982902162,0,0,0,0,0,0,1.7504370852051632
1515421800,55.1115,56.2145,54.8055,56.113,52.89907611622523,51.11440421941974,54.1881721413119,47.49005522001164,0,0,0,0,0,0,1.7260487219762228
1516113000,56.6255,56.9955,55.8505,56.8755,53.62206227691156,51.66308000804643,55.08394809420793,47.8581118780504,0,0,0,0,0,0,1.6845452418350642
1516631400,56.8745,58.993,56.755505,58.792,54.56205095383673,52.34202476918487,56.31996539613862,48.286891804401364,0,0,0,0,0,0,1.7240416531325597
1517236200,58.824,59.3445,55.363895,55.595,54.749859871320965,52.6518319340244,56.078310264092416,48.57348428266013,1,0,0,0,0,0,1.8852247493373768
1517841000,54.53,55.5,49.628,51.889,54.22970353108079,52.579181273641126,54.68187350939495,48.70350450686954,0,1,0,0,0,0,2.176780124384707
1518445800,52.4,55.2335,52.0464,54.74,54.322484707247916,52.784973533294355,54.701249006263296,48.94022982032564,0,0,0,0,0,0,2.260188686928656
1519137000,54.5285,56.6985,54.426,56.3395,54.689214760475565,53.1234998634568,55.2473326708422,49.230397278352086,0,0,0,0,0,0,2.261068066433752
1519655400,56.39,57.202,52.40575,53.946,54.554084804025464,53.201833209794245,54.8135551138948,49.41532287527946,0,0,0,0,0,0,2.4421524902599123
1520260200,53.757,58.04,53.450005,58.002,55.18097847602083,53.658991951718605,55.87637007592987,49.75205531154301,0,0,0,0,0,0,2.5955698123842046
1520861400,58.1925,58.8525,56.598,56.7865,55.47289148038068,53.95684986107874,56.17974671728658,50.02791588756093,1,0,0,0,0,0,2.57120768292819
1521466200,56.0005,56.0995,51.061,51.0785,54.673911211220556,53.682721302880765,54.47933114485772,50.069115264519326,0,0,0,0,0,0,2.7965142770047473
1522071000,52.3,53.241965,49.032,51.5895,54.11310917281682,53.4833668930826,53.516054096571814,50.12873819532249,0,1,0,0,0,0,2.8974750429329803
1522675800,51.141,52.1395,49.5185,50.352,53.42927114139558,53.18514147469378,52.46136939771454,50.1374935602118,0,0,0,0,0,0,2.8777268255806243
1523280600,50.84,52.321,50.567,51.4635,53.07185820659639,53.02117561996104,52.12874626514303,50.18949381275252,0,0,0,0,0,0,2.81281776661058
1523885400,51.85,54.70825,51.337,53.648,53.1766112599425,53.080873179964755,52.63516417676202,50.32512150637007,1,0,0,0,0,0,2.852705783281252
1524490200,53.893,54.136,50.5295,51.5025,52.87222739449841,52.93055192473002,52.25760945117468,50.37129321200261,0,0,0,0,0,0,2.9065482273325918
1525095000,51.5005,52.4255,50.3145,52.4105,52.78827695913506,52.881023169993824,52.308572967449784,50.45126210564957,0,1,0,0,0,0,2.849723353951692
1525699800,52.4615,55.066475,52.355,54.913,53.17459023929232,53.07454477285155,53.17671531163319,50.62623221915351,0,0,0,0,0,0,2.839848471526571
1526304600,55,55.5375,53.034,53.318,53.20066474123917,53.097730984960926,53.223810207755456,50.731791739971015,0,0,0,0,0,0,2.815823580703245
1526909400,53.703,54.4,53.0855,53.783,53.30654387919569,53.16299470067893,53.410206805170304,50.85144696585451,0,0,0,0,0,0,2.7085861820815844
1527600600,53.2445,56,52.761,55.975,53.791717719341925,53.430804729185695,54.265137870113534,51.05237061425237,0,1,0,0,0,0,2.746472883361471
1528119000,56.1165,57.2869,55.6075,56.0435,54.20113267946157,53.679632850215626,54.857925246742354,51.24810117839933,0,0,0,0,0,0,2.670253391692795
1528723800,55.93,57.7735,55.93,57.613,54.82147219228674,54.05423924543319,55.77628349782824,51.49770505375622,0,0,0,0,0,0,2.6111995780004524
1529328600,57.1825,59.31428,57.1795,57.774,55.35829543005279,54.40850217443955,56.44218899855216,51.74383426733441,1,0,0,0,0,0,2.577169608143277
1529933400,57.18,57.1955,54.8005,55.7825,55.435423533679554,54.53935911020721,56.22229266570144,51.90221331567423,0,0,0,0,0,0,2.605478921847329
1530538200,54.95,57.0465,54.69,57.0085,55.72143743664691,54.774515385425566,56.48436177713429,52.10245985231446,0,1,0,0,0,0,2.5876947131439487
1531143000,57.424,59.770865,57.050015,59.441,56.397721539074745,55.21894249157551,57.46990785142286,52.390245740458994,0,0,0,0,0,0,2.6001711622050956
1531747800,59.4695,60.225,58.53,59.2455,56.91549944106116,55.60242415904451,58.06177190094857,52.65907924083315,0,0,0,0,0,0,2.535516079190446
1532352600,59.0505,63.6945,59.05,61.925,57.826317724504584,56.20457423913551,59.34951460063238,53.0224486823691,1,0,0,0,0,0,2.6861577878197
1532957400,61.4005,61.7458,60.2395,61.1855,58.43707813823102,56.6789481211226,59.96150973375492,53.34256834188404,0,0,0,0,0,0,2.614682231546864
1533562200,61.25,62.825,60.789825,61.8805,59.063154840370835,57.17433401434902,60.60117315583661,53.67738919122192,0,0,0,0,0,0,2.5732888578649455
1534167000,61.849,62.46364,59.412,60.048,59.24221759666705,57.44801648917292,60.41678210389107,53.92721706607596,0,1,0,0,0,0,2.607456796588878
1534771800,60.251,61.0825,59.73132,61.0325,59.56772348818213,57.78939587115645,60.62202140259405,54.20585561250436,0,0,0,0,0,0,2.517722739689673
1535376600,61.38,62.68175,60.56427,60.9095,59.8116828539672,58.08654864533203,60.71784760172937,54.46874362770026,1,0,0,0,0,0,2.489133972568982
1536067800,60.2135,60.6495,57.6,58.2415,59.5261950623368,58.10130591720517,59.89239840115291,54.61669485798653,0,1,0,0,0,0,2.547731545956912
1536586200,58.6095,59.02125,57.812,58.6265,59.362614141911926,58.15132440128087,59.47043226743527,54.77394211845765,0,0,0,0,0,0,2.452125721245704
1537191000,58.507,59.6105,57.7015,58.3045,59.170229752473396,58.16591255353983,59.08178817829018,54.91239536871421,0,0,0,0,0,0,2.413331026871011
1537795800,57.8585,60.105,57.3455,59.6735,59.26173343384187,58.30949231034556,59.27902545219345,55.099105354254824,0,0,0,0,0,0,2.43805738209451
1538400600,59.9945,60.498,57.256,57.8675,59.00823644587062,58.26739780459837,58.80851696812897,55.2076698501664,1,0,0,0,0,0,2.495481854802045
1539005400,57.5055,58.4,53.4135,55.504,58.371102546621415,58.00421706130329,57.70701131208598,55.21929064035595,0,0,0,0,0,0,2.673411722316185
1539610200,55.4455,56.4495,53.8545,54.823,57.72599299269025,57.70124400784583,56.74567420805732,55.20374983093023,0,0,0,0,0,0,2.667810885007886
1540215000,55.153,55.6115,51.7045,53.5735,56.97099426674657,57.30812553090813,55.68828280537155,55.139818465011395,0,0,0,0,0,0,2.756324393221608
1540819800,54.1235,54.852,49.7915,52.8895,56.228904400065375,56.887304051774024,54.75535520358103,55.05157068206977,0,1,0,0,0,0,2.9209083651343497
1541428200,52.75,54.773,51.062,53.3075,55.69773996368985,56.54637033255745,54.27273680238736,54.98317575336115,0,0,0,0,0,0,2.977343481910468
1542033000,53.0695,53.5925,51.55,53.0745,55.22078724301897,56.215716015171026,53.873324534924905,54.908325723817576,0,0,0,0,0,0,2.9105689474882914
1542637800,52.86,53.0395,49.801,51.194,54.488644107924614,55.7374573470595,52.9802163566166,54.762665891511006,0,1,0,0,0,0,2.9364925940962707
1543242600,51.9175,54.7785,51.6955,54.7215,54.530981542847414,55.6406995044824,53.5606442377444,54.7610515428243,0,0,0,0,0,0,2.9827788373751085
1543847400,56.157,56.2325,51.425,51.829,54.03971217142061,55.2776805040555,52.9834294918296,54.64606912938021,1,0,0,0,0,0,3.113116063276887
1544452200,51.7525,54.0825,51.1645,52.105,53.68794632207141,54.97552045605022,52.69061966121973,54.54641935960059,0,0,0,0,0,0,3.0991792016142528
1545057000,51.8755,53.1,48.6845,48.977,52.83141062714934,54.40423279356924,51.45274644081315,54.328010757263314,0,0,0,0,0,0,3.1932021157846635
1545661800,48.695,52.778,48.5055,51.854,52.653699604031274,54.16135347989598,51.586497627208765,54.23099072756671,0,1,0,0,0,0,3.270294821800045
1546266600,52.548,53.542,50.7035,53.5355,52.81402694875286,54.10174838657255,52.23616508480584,54.203716581387624,0,0,0,0,0,0,3.2394523345286137
1546871400,53.575,54.228,52.424,52.8595,52.82229477625234,53.983439016422786,52.44394338987056,54.15100220564693,0,0,0,0,0,0,3.136920024919427
1547476200,52.346,55.4176,52.06275,54.913,53.20242299875191,54.07196863390633,53.266962259913704,54.18088447209215,0,0,0,0,0,0,3.1524864517108964
1548167400,54.4,54.7,52.9875,54.5495,53.44734608988793,54.11744781162954,53.69447483994247,54.1953399829905,0,0,0,0,0,0,3.064844562302975
1548685800,54.0055,56.25,52.793235,55.5375,53.82737407354467,54.252690877188634,54.30881655996165,54.24797370914773,0,0,0,0,0,0,3.092838879281334
1549290600,55.633,57.35,54.3,54.753,53.995669696536545,54.30033936507543,54.4568777066411,54.26777866173017,1,0,0,0,0,0,3.089778959332668
1549895400,54.8475,56.7365,54.643,55.6825,54.30236611534808,54.43197371125872,54.86541847109407,54.323257929897615,0,0,0,0,0,0,3.018616176523192
1550586600,55.5,56.1705,54.626,55.5185,54.523481367102974,54.53545240542456,55.08311231406271,54.37013016794084,0,0,0,0,0,0,2.9133221639143927
1551105000,55.8,57.1485,54.996,57.0495,54.98275748217516,54.774885509669836,55.73857487604181,54.47520349468826,0,0,0,0,0,0,2.8589777236347933
1551709800,57.3495,58.4805,56.165,57.116,55.37061975814331,54.99784879446319,56.19771658402787,54.57876414195539,0,0,0,0,0,0,2.820157886232308
1552311000,57.2225,60.0465,57.2225,59.223,56.07105252938998,55.40024414737145,57.20614438935191,54.76089103834929,0,0,0,0,0,0,2.828039465787143
1552915800,59.165,61.5895,58.871055,60.275,56.83540661495544,55.86450660952655,58.22909625956794,54.97713060547285,1,0,0,0,0,0,2.82021128965949
1553520600,59.8465,60.319875,57.9685,58.6655,57.16815086678172,56.13126788480974,58.37456417304529,55.121772542513135,0,0,0,0,0,0,2.7867229832552414
1554125400,59.205,60.815,59.1,60.3575,57.74803252736687,56.53376618149453,59.0355427820302,55.327095187904774,0,0,0,0,0,0,2.7412070558798667
1554730200,60.3945,60.9175,59.654,60.8935,58.31993570420926,56.948978926114094,59.6548618546868,55.54538557269282,0,0,0,0,0,0,2.6356565518884474
1555335000,60.9,62.1,60.455505,61.8185,58.95603830344394,57.41274283791275,60.3760745697912,55.791390060038204,0,0,0,0,0,0,2.5648592981821294
1555939800,61.7995,63.6535,61.4155,63.609,59.802031339181404,58.00286256763535,61.4537163798608,56.09796299886023,0,0,0,0,0,0,2.541512205454834
1556544600,63.7,64.4635,57.75009,59.27,59.70529836842115,58.12354232309865,60.725810919907204,56.222356606748065,1,0,0,0,0,0,2.8395049050652026
1557149400,58.313,59.5425,57.125,58.2135,59.43406230143548,58.132109720898775,59.8883739466048,56.300440661385394,0,0,0,0,0,0,2.809361697560545
1557754200,57.098,59.408,55.833285,58.115,59.194232792083575,58.13048022367032,59.297249297736535,56.37159985113499,0,0,0,0,0,0,2.864029790591935
1558359000,57.225,57.926,56.4612,56.6735,58.73591773897747,57.991720202368384,58.42266619849102,56.38343907265911,0,0,0,0,0,0,2.777584805549654
1559050200,56.7,57.579355,55.009,55.1815,58.089659968254296,57.724080183095204,57.34227746566068,56.336304207064636,0,0,0,0,0,0,2.7627826765818218
1559568600,53.275,53.546,51.25,53.302,57.2191763376626,57.30292968946709,55.99551831044045,56.21731188521896,0,1,0,0,0,0,2.846262485397406
1560173400,53.649,55.0995,53.377,54.2675,56.682507912633035,57.013841147613086,55.4195122069603,56.140848674033904,0,0,0,0,0,0,2.7713508792975916
1560778200,54.314,56.2055,54.314,56.094,56.57550647397248,56.92623722879279,55.644341471306866,56.139011471130615,0,0,0,0,0,0,2.711825816490621
1561383000,55.9805,56.1,53.612,54.0455,56.115505296886575,56.6518813022411,55.111394314204574,56.05691298206667,0,0,0,0,0,0,2.695838258169862
1561987800,54.9,56.644,54.68515,56.5795,56.19986797017992,56.6449878448848,55.600762876136386,56.07740659061307,0,0,0,0,0,0,2.6888855254434434
1562592600,56.2585,57.6535,55.3585,57.245,56.389891975601756,56.702131859657676,56.14884191742426,56.123194567451776,0,0,0,0,0,0,2.660750845054626
1563197400,57.343,57.929,56.481,56.505,56.41082070731053,56.68335739683314,56.26756127828284,56.13816732951249,0,0,0,0,0,0,2.574125784693581
1563802200,56.6725,63.277495,56.046,62.5205,57.52167148779952,57.23927573999189,58.35187418552189,56.38845488521788,1,0,0,0,0,0,2.906795014358326
1564407000,62.0525,62.3685,59.447,59.6995,57.91764030819961,57.473582812373614,58.80108279034793,56.51829979167993,0,0,0,0,0,0,2.918702513332731
1565011800,58.502,60.2505,57.007,59.4005,58.187251161254224,57.6570987350047,59.00088852689862,56.631327250829735,0,0,0,0,0,0,2.941902333808965
1565616600,58.9605,60.239,58.027,58.88,58.31320549557164,57.77356552214711,58.960592351265745,56.719510495895236,0,0,0,0,0,0,2.8897664528226104
1566221400,59.5045,60.3495,57.3875,57.5645,58.17707722364952,57.75365452003786,58.49522823417716,56.75264733919346,0,0,0,0,0,0,2.8949259919067094
1566826200,57.863,59.925,57.648,59.405,58.4003359102587,57.910925518129496,58.798485489451444,56.85666116902901,0,0,0,0,0,0,2.856752706770515
1567517400,58.8515,60.652,58.16,60.2465,58.73600210839348,58.133361183069546,59.28115699296763,56.98959602514552,0,0,0,0,0,0,2.830698942001193
1568035800,60.2,62.093,59.631,61.978,59.32545627050376,58.499517260872445,60.18010466197842,57.18521971043393,0,0,0,0,0,0,2.8043633032868223
1568640600,61.476,62.222,60.8265,61.4965,59.72019149404853,58.7849441884084,60.61890310798561,57.354289525711025,0,0,0,0,0,0,2.703730210194906
1569245400,61.3,62.415,60.5045,61.2545,59.99915667694879,59.020139979988556,60.83076873865707,57.5072389560753,1,0,0,0,0,0,2.6470709094666987
1569850200,61.0485,61.5615,58.1215,60.45,60.08112819023083,59.15631712475155,60.70384582577138,57.6226413499547,0,1,0,0,0,0,2.703708701647649
1570455000,60.22,61.4195,59.4505,60.7725,60.206832155643404,59.31023930334664,60.726730550514255,57.746165218583926,0,0,0,0,0,0,2.651229508672817
1571059800,60.617,63.16625,60.588,62.2745,60.58277176370824,59.59254984588506,61.242653700342835,57.923746974717886,0,0,0,0,0,0,2.6460166866247583
1571664600,62.613,63.48,62.03,63.2565,61.06890417030674,59.94149747961029,61.91393580022856,58.132874544336794,0,0,0,0,0,0,2.5605869232944185
1572269400,63.7725,64.9655,62.54214,63.687,61.54492159388733,60.29821200536169,62.50495720015237,58.35068338573535,0,0,0,0,0,0,2.55078500020196
1572877800,63.8225,66.187,63.81775,65.5685,62.276481304089636,60.80014419532724,63.52613813343491,58.6337350176673,0,0,0,0,0,0,2.5471575001875344
1573482600,65.159,66.744,64.6755,66.7435,63.088666521527884,61.36617808148655,64.59859208895661,58.95176501697446,0,0,0,0,0,0,2.512967678745568
1574087400,66.611,66.77644,64.5575,64.767,63.39381806306827,61.69006588324974,64.6547280593044,59.17981344768135,0,0,0,0,0,0,2.4919657016923122
1574692200,64.959,65.918,64.9065,65.248,63.73094205160131,62.028916751511666,64.85248537286961,59.41778154777227,0,0,0,0,0,0,2.3961824372857192
1575297000,65.05,67.2,63.95,67.031,64.3309525876738,62.50530563232008,65.57865691524641,59.716339134134145,0,1,0,0,0,0,2.457169406051025
1575901800,66.902,67.9725,66.802,67.3915,64.8874157535513,62.97065747686103,66.1829379434976,60.017325834756335,0,0,0,0,0,0,2.3652644484759513
1576506600,67.825,68.25,67.44925,67.4795,65.35870379836015,63.40007105049331,66.61512529566507,60.309960115746286,0,0,0,0,0,0,2.257638416441955
1577111400,67.7935,68.2265,67.139,67.5945,65.7652121986583,63.79954047425585,66.94158353044338,60.595628346501336,0,0,0,0,0,0,2.1740571009818157
1577716200,67.5,68.625,66.45425,68.033,66.17753725344771,64.2027270957553,67.30538902029559,60.88728997997187,0,1,0,0,0,0,2.1738208794831144
1578321000,67.5,71.74646,67.5,71.4865,67.14280320736631,64.89641975330241,68.69909268019707,61.30294527487493,0,0,0,0,0,0,2.3218665309486064
1578925800,71.8065,74.06477,71.301,74.0195,68.3931117151179,65.76528453870218,70.47256178679804,61.80163369546807,0,0,0,0,0,0,2.353431064452277
1579617000,73.956,75.160715,73.2625,73.3355,69.29172776691465,66.48625743977816,71.42687452453202,62.25394217799873,1,0,0,0,0,0,2.320915631277114
1580135400,71.55,73.5065,71.06,71.7115,69.73168635474835,66.98389958837072,71.52174968302135,62.62482679846937,0,1,0,0,0,0,2.3298859433287484
1580740200,73.1,74.5,71.315,73.9615,70.50074338115773,67.64843296090685,72.3349997886809,63.06940221813724,0,0,0,0,0,0,2.3909655188052668
1581345000,73.716,76.4815,73.716,76.037,71.5073354936745,68.44734410748714,73.56899985912061,63.5779354644848,0,0,0,0,0,0,2.417717981747748
1582036200,75.75,76.605315,74.022,74.2555,72.00700176755187,69.00050181153598,73.79783323941373,63.9966634854854,1,0,0,0,0,0,2.4295463401943374
1582554600,71.3055,71.907,63.55,66.9665,71.09054690072426,68.80678735329447,71.52072215960915,64.11312766252519,0,0,0,0,0,0,3.0206858873233133
1583159400,67.5805,70.5075,63.0525,64.9205,69.96872019150167,68.4366647482188,69.3206481064061,64.14478932281831,0,0,0,0,0,0,3.337422609657362
1583760600,60.265,64.0575,55.665,60.9865,68.33558924759228,67.72712524838845,66.54259873760407,64.02093483957053,0,0,0,0,0,0,3.760142423253265
1584365400,54.8,57.898495,51.864,53.616,65.65930029348459,66.38320855806573,62.23373249173604,63.61289817919521,0,0,0,0,0,0,4.14316796444946
1584970200,53.066,58.4985,50.676805,55.5355,63.818609331032846,65.35009345729756,60.000988327824025,63.29613746628559,0,1,0,0,0,0,4.405919895560213
1585575000,56.252,58.7655,53.9905,54.894,62.19595308902687,64.35427503279303,58.298658885216014,62.96664187937243,0,0,0,0,0,0,4.432282760163055
1586179800,56.9,61.2785,56.547,60.5725,61.90077980011289,63.99410598205083,59.05660592347734,62.8727539625343,0,0,0,0,0,0,4.571726848722837
1586784600,60.459,64.7215,59.37992,64.1625,62.31200165463782,64.01014350756981,60.75857061565156,62.923332238513346,0,0,0,0,0,0,4.626716359528349
1587389400,63.55,64.6655,60.4855,63.9655,62.61263771743094,64.00589174494411,61.82754707710104,62.964201562493216,0,0,0,0,0,0,4.5948080481334665
1587994200,64.8,67.9995,61.61,66.0305,63.23406722335259,64.19871157875896,63.228531384734026,63.0844485600425,0,0,0,0,0,0,4.723000330409647
1588599000,65.4115,69.938,64.95,69.4185,64.3585095463794,64.69583428554382,65.29185425648934,63.33284273415848,0,0,0,0,0,0,4.7419288782375295
1589203800,68.914,70.8265,66.1955,68.6595,65.14050781067405,65.07332625834917,66.41440283765957,63.541731254387564,0,0,0,0,0,0,4.734005386934848
1589808600,68.0875,70.7745,67.7125,70.521,66.11877911782422,65.59215232898258,67.78326855843972,63.81542806794099,0,0,0,0,0,0,4.614576430725216
1590499800,71.8635,72.05,69.5645,71.446,67.08736473276527,66.14966163098424,69.0041790389598,64.1146661829237,0,0,0,0,0,0,4.462499542816272
1591018200,70.9195,72.32761,70.2365,71.9195,67.9659347813534,66.69917004708098,69.97595269263986,64.42073809731885,0,0,0,0,0,0,4.293114575472253
1591623000,71.117,73.71295,69.301,70.659,68.45558300292551,67.07629670926374,70.20363512842658,64.66537581899262,0,0,0,0,0,0,4.301602820081379
1592227800,69.54,73,69.396,71.586,69.02474972966633,67.50579226076243,70.66442341895106,64.93677284569878,0,0,0,0,0,0,4.251774047218423
1592832600,71.45,73.79705,67.5995,67.995,68.83752250609064,67.55238347402316,69.77461561263404,65.05670332233805,0,0,0,0,0,0,4.390758043845678
1593437400,67.909,74.1475,67.3505,73.235,69.6370638686196,68.09358504792571,70.92807707508936,65.3774208391091,0,1,0,0,0,0,4.562632469285272
1594042200,74.003,77.1915,73.643,77.087,70.99159771068877,68.95010075764708,72.98105138339291,65.83662002188915,0,0,0,0,0,0,4.519337292907752
1594647000,77.5,78.85658,74.175,75.7775,71.86176176329081,69.60032925691878,73.91320092226194,66.22645845240329,0,0,0,0,0,0,4.530926057700055
1595251800,75.763,79.3495,74.42,75.5935,72.54025962451067,70.17110742292653,74.47330061484129,66.59379341505415,1,0,0,0,0,0,4.559395625007195
1595856600,75.78,77.0485,72.7015,74.148,72.83257605641782,70.54985909693352,74.36486707656086,66.89003681054223,0,1,0,0,0,0,4.544224508935253
1596461400,74.332,75.84225,72.9325,74.7245,73.17656222797822,70.94744394484461,74.48474471770724,67.1972706611092,0,0,0,0,0,0,4.427476329725592
1597066200,74.359,76.8625,73.654,75.3865,73.57836909561854,71.37021118819274,74.78532981180483,67.51841690969316,0,0,0,0,0,0,4.3404065918880494
1597671000,75.7335,79.886,75.3985,79.021,74.56793835096063,72.0988577416982,76.19721987453656,67.96949859950911,0,0,0,0,0,0,4.351770406753189
1598275800,79.699,82.961,79.0285,82.2205,75.95931319624052,73.06282367106027,78.2049799163577,68.52836139952836,0,0,0,0,0,0,4.3223582348422465
1598880600,82.3945,86.658995,77.380625,79.552,76.61252897874225,73.68084046429263,78.65398661090514,68.96066095248804,1,0,0,0,0,0,4.676359075210658
1599571800,76.6755,79.20405,74.868,76.036,76.50770552806183,73.90514137245523,77.78132440727009,69.23812522886107,0,0,0,0,0,0,4.676904855552755
1600090200,76.95025,78.199995,71.8565,72.9995,75.86984997750514,73.81888981317378,76.18738293818006,69.3856301218469,0,0,0,0,0,0,4.795947008727558
1600695000,72.003,73.476,70.3275,72.248,75.21133179977693,73.66928125953818,74.87425529212004,69.49787992099016,0,1,0,0,0,0,4.678272222389874
1601299800,73.7105,74.952,72.46506,72.921,74.79490783618112,73.5980163776774,74.2231701947467,69.63211992408858,0,0,0,0,0,0,4.537252777933454
1601904600,73.3105,75.826,71.8,75.761,74.97056095687546,73.80401481789859,74.73578012983113,69.87246816235962,0,0,0,0,0,0,4.500734722366778
1602509400,77.15,79.693,76.6285,78.6505,75.6396407828981,74.26558483524158,76.04068675322075,70.21670470501219,0,0,0,0,0,0,4.460110813626295
1603114200,79.023,82.118,76.2835,82.05,76.80516064055298,75.00695770807572,78.04379116881384,70.68075550089407,0,0,0,0,0,0,4.558281469795845
1603719000,81.2505,84.35,75.731,81.0505,77.5770405240888,75.58253316444946,79.0460274458759,71.08741214791783,0,1,0,0,0,0,4.848332793381856
1604327400,81.408,89.682,80.8015,88.0875,79.48803315607266,76.77348238688285,82.05985163058394,71.75408225976419,0,0,0,0,0,0,5.136344736711723
1604932200,89.545,90.903,85.865,88.851,81.19039076405944,77.92372215956067,84.32356775372263,72.42454962212638,1,0,0,0,0,0,5.129320112660886
1605537000,88.585,89.9535,86.85025,87.1095,82.26659244332136,78.79855814436442,85.25221183581509,73.0004300291018,0,0,0,0,0,0,4.984600818899394
1606141800,87.48,90.2,85.886,89.6595,83.61075745362656,79.83293355918686,86.72130789054339,73.65372689070566,0,0,0,0,0,0,4.9367007604065805
1606746600,89.05922,92.36,87.75,91.3995,85.0268924620581,80.93451131545477,88.28070526036225,74.34963956165838,1,0,0,0,0,0,4.913364991806111
1607351400,90.95,91.7135,87.016,89.0885,85.76536655986571,81.71108166636384,88.54997017357483,74.92763408865217,0,0,0,0,0,0,4.897946063819959
1607956200,88.75,89.8695,86.011,86.5505,85.90811809443558,82.17197865051966,87.88348011571655,75.38343275184228,0,0,0,0,0,0,4.823699916404249
1608561000,85.6755,87.3995,84.95,86.9425,86.09618753181093,82.62631401713683,87.56982007714437,75.83672950667199,0,0,0,0,0,0,4.65411420808966
1609165800,87.58175,89.622,86.28,87.594,86.36851707148166,83.0994269678857,87.57788005142957,76.29779893778289,0,0,0,0,0,0,4.5603917646546845
1609770600,87.877,90.492,84.95,90.3605,87.09433214939409,83.79095773284897,88.50542003428639,76.84927741081101,0,0,0,0,0,0,4.630506638607922
1610375400,89.3035,89.71575,86.0775,86.8095,87.0425444858679,84.07843794876811,87.94011335619092,77.23987437509294,0,0,0,0,0,0,4.605684735850213
1611066600,87.6125,96.743,87.073,95.0525,88.49890003389191,85.12358671555211,90.31090890412727,77.93840871332459,0,0,0,0,0,0,4.986242969003769
1611585000,96.0335,96.479,90.45,91.787,89.09673639136611,85.75819750454714,90.80293926941819,78.48149072456677,0,0,0,0,0,0,5.0607256140749275
1612189800,92.6785,105.825,92.5465,104.9,91.97005704748136,87.58122631363788,95.50195951294546,79.51751069615239,0,0,0,0,0,0,5.701959498783862
1612794600,105.2955,106.177345,103.1545,105.2055,94.37650122066657,89.2597285694819,98.73647300863031,80.52488282571504,0,0,0,0,0,0,5.510594177442158
1613485800,105.218,107.634,104.8705,105.057,96.31841008963629,90.76423061048362,100.84331533908687,81.48692663647131,1,0,0,0,0,0,5.3143731647677175
1614004200,103.35,105.039,100.101,101.843,97.3228809824297,91.81935150472327,101.17654355939125,82.28520402327635,0,1,0,0,0,0,5.288775081570024
1614609000,102.826,105.9055,100.5,105.427,98.79635716744248,93.11531802808297,102.5933623729275,83.19272543412826,0,0,0,0,0,0,5.297112575743594
1615213800,105.0565,106.4405,101.0805,103.096,99.57811040972567,94.06585916826555,102.76090824861834,83.97324600533892,1,0,0,0,0,0,5.301604534619052
1615815000,103.115,106.178,100.884,102.16,100.04754488068464,94.83672972366882,102.56060549907889,84.68645204434524,0,0,0,0,0,0,5.301061353574835
1616419800,102.092,103.9105,100.5365,101.7775,100.36208217510561,95.49775546427179,102.29957033271926,85.3566892190768,0,1,0,0,0,0,5.163414114033776
1617024600,101.394,107.147,100.781,106.8875,101.54852177963187,96.58249303910304,103.82888022181284,86.20103473989731,0,0,0,0,0,0,5.249313105888506
1617629400,107.647,114.452,107.581,114.294,103.86588145606244,98.26930322585514,107.31725348120855,87.3027196520582,0,0,0,0,0,0,5.414683598325041
1618234200,113.3125,115.329825,111.92325,114.888,105.86990300950563,99.85203625196418,109.84083565413904,88.38449535197749,0,0,0,0,0,0,5.271247269873252
1618839000,114.599,116.291,112.8225,115.765,107.66901155323188,101.36755660891997,111.81555710275936,89.4582406322921,0,0,0,0,0,0,5.142479607739448
1619443800,115.9965,122.6189,115.2135,120.506,110.00300945264426,103.19026550330854,114.71237140183958,90.67579982318262,1,0,0,0,0,0,5.304116778615202
1620048600,120.136,120.985,115.585,119.9345,111.80873500670894,104.78495450299344,116.45308093455972,91.82319983011664,0,0,0,0,0,0,5.310965580142688
1620653400,118.7445,118.9,111.5025,115.808,112.53587409639823,105.83476835985121,116.23805395637315,92.76378022893559,0,1,0,0,0,0,5.533896610132496
1621258200,115.466,118.449995,113.176,117.255,113.3938969879622,106.92240946843681,116.57703597091543,93.72422021995772,0,0,0,0,0,0,5.515332209408746
1621863000,118.35,122.1472,118.0055,120.578,114.70009753560544,108.22294190001426,117.91069064727695,94.77730962309663,0,0,0,0,0,0,5.470822765879551
1622554200,121.1,122.69295,119.1415,122.588,116.13426162004082,109.59104267144147,119.4697937648513,95.86792493199479,0,0,0,0,0,0,5.333724711173869
1623072600,122.566,126.3495,122.053625,125.6965,117.87285041639703,111.12489575035181,121.54536250990087,97.03767297387735,0,0,0,0,0,0,5.259592588947165
1623677400,125.6695,127.1965,124.14997,125.5675,119.27187761341575,112.50038186936592,122.88607500660058,98.15648971999981,0,0,0,0,0,0,5.101516689736654
1624282200,125.74,127.796,125.13425,126.995,120.6760816837038,113.88082169133108,124.25571667106705,99.28741169176452,0,0,0,0,0,0,4.9272476404697505
1624887000,127,128.848,124.7575,128.719,122.13843046848493,115.29398153025193,125.74347778071136,100.44159162542081,0,0,0,0,0,0,4.8674799518647704
1625578200,129.4495,130.639915,128.04,129.5745,123.49044311057858,116.65403090832316,127.0204851871409,101.58405862050235,0,0,0,0,0,0,4.705511026731573
1626096600,129.8335,132.995995,129.6,131.8455,125.00954436320066,118.10083748848287,128.62882345809393,102.7707818118552,0,0,0,0,0,0,4.613795596250745
1626701400,131.1555,138.8085,128.537,137.816,127.33799084261872,119.97847201338926,131.6912156387293,104.14510409374323,0,0,0,0,0,0,5.017917339375692
1627306200,138.25,140.011,134.8142,135.221,128.77126523486987,121.43014134544742,132.86781042581953,105.36376667830231,1,0,0,0,0,0,5.030694672277428
1627911000,135.4845,137.080045,134.1835,137.036,130.27394428307534,122.91641359826195,134.25720695054636,106.60581504385908,0,0,0,0,0,0,4.8782554099718975
1628515800,136.949,138.84775,136.42875,138.406,131.75249986797073,124.39161230318939,135.6401379670309,107.85288112057049,0,0,0,0,0,0,4.702594309259617
1629120600,138,138.9905,135.356,138.437,132.96786352833968,125.72926827431421,136.57242531135395,109.0522583315285,0,0,0,0,0,0,4.626301858598217
1629725400,138.9985,145.011,138.74793,144.5505,135.07379743227793,127.52176653390333,139.23178354090263,110.44434624009601,0,0,0,0,0,0,4.765423154412629
1630330200,144.7045,146.820495,143.505,144.775,136.83765244459104,129.16493162591254,141.07952236060174,111.79064638754322,1,0,0,0,0,0,4.66185685766887
1631021400,144.7495,146.019,141.7415,141.921,137.7618974546654,130.37979528058753,141.36001490706784,112.97222888214937,0,0,0,0,0,0,4.634402796406809
1631539800,143.201,145.5815,141.0615,141.4635,138.43491609927167,131.43538620624585,141.39450993804522,114.089533631869,0,0,0,0,0,0,4.626231168092038
1632144600,139.000175,142.9035,137.053,142.633,139.1982040812223,132.50182561517482,141.80733995869682,115.20888525414865,0,0,0,0,0,0,4.71367894179975
1632749400,141.5855,142.5,133,136.4625,138.70080333918187,132.87903269944388,140.02572663913122,116.04236034222126,0,0,0,0,0,0,5.065059017385484
1633354200,135.6995,140.317,131.1665,140.056,138.9472027320579,133.56255339473495,140.0358177594208,116.98407170134983,0,1,0,0,0,0,5.3568762304293776
1633959000,139.8,142.2,136.25,141.675,139.44316587168373,134.33516735714113,140.58221183961388,117.95234339933612,0,0,0,0,0,0,5.399242213970135
1634563800,141.2135,144.24775,137.1705,138.625,139.29440844046852,134.7437228469372,139.92980789307592,118.76303581504843,0,0,0,0,0,0,5.519099912972267
1635168600,138.8105,149.118,136.7485,148.2705,140.92642508765607,136.0319873377051,142.71003859538393,119.92019127328182,0,0,0,0,0,0,6.008414204902819
1635773400,148.165,150.570725,143.5795,149.241,142.43816598080952,137.28998854363795,144.88702573025597,121.0700269096237,0,0,0,0,0,0,6.07861497598119
1636381800,150,151.034495,145.325,149.6455,143.74859034793505,138.46670392043433,146.47318382017065,122.1906336974816,0,0,0,0,0,0,6.052249263411105
1636986600,150,151.85,148.35,149.9525,144.87657392103776,139.56058926134534,147.63295588011377,123.27933433679605,1,0,0,0,0,0,5.869945744596026
1637591400,150.14176,150.7445,142.4855,142.806,144.50010593539454,139.86967599836007,146.0239705867425,124.0450859314315,0,0,0,0,0,0,6.04059247712488
1638196200,144.2985,146.862,140.982,142.5205,144.14017758350462,140.12213542708767,144.85614705782834,124.76961197333615,0,0,0,0,0,0,6.029121585901675
1638801000,143.574,149.605,140.647,148.675,144.96469075014014,140.93669395784121,146.12909803855223,125.70707817046022,0,0,0,0,0,0,6.238327186908698
1639405800,148.444,148.5625,141.788,142.803,144.57165606829648,141.11443739042775,145.02039869236816,126.377506477501,0,0,0,0,0,0,6.284660959272363
1640010600,140.679595,148.572595,140.25,147.1425,145.03908223769713,141.6885385913394,145.7277657949121,127.19181994897156,0,0,0,0,0,0,6.430227676467195
1640615400,147.4635,148.4265,144.6775,144.6795,144.9737036490249,141.97339205883088,145.37834386327472,127.87761132352169,0,0,0,0,0,0,6.238711413862395
1641220200,144.4755,146.61,135.789,137.0045,143.52475753102038,141.50016424370412,142.58706257551648,128.23552852652085,0,0,0,0,0,0,6.5660177414436545
1641825000,135.099,143.1855,133.1405,139.7865,142.84507434356212,141.3369581252561,141.653541717011,128.68850779999062,0,0,0,0,0,0,6.814516474197679
1642516200,136.6,138.3995,130.001,130.092,140.52633355382355,140.26600973237458,137.79969447800732,128.7435467097949,0,0,0,0,0,0,7.026729583183558
1643034600,126.0275,133.3705,124.64195,133.2895,139.21054563494653,139.6015802340532,136.29629631867155,128.92181938784216,0,1,0,0,0,0,7.148288184384732
1643639400,134.198,152.1,132.274,143.016,139.9024464285926,139.92676306890527,138.53619754578102,129.4745323530248,1,0,0,0,0,0,8.05383902835725
1644244200,143.709,143.846495,133.2885,134.13,138.85291071430305,139.3746903956762,137.06746503052068,129.65709971172973,0,0,0,0,0,0,8.232707312046019
1644849000,133.3655,137.946,130.307025,130.4675,137.32829058442977,138.52638654846893,134.86747668701378,129.6888801151913,0,0,0,0,0,0,8.190297861185588
1645540200,129.985,135.389,124.7645,134.5195,136.8176013872607,138.1447783057576,134.75148445800917,129.87831618910536,0,1,0,0,0,0,8.364169442529475
1646058600,133.2845,136.713795,130.4085,132.122,135.96385568048603,137.57118037187593,133.8749896386728,129.96630378953262,0,0,0,0,0,0,8.217106982348799
1646663400,131.904,134.2,125.86075,130.4755,134.96597282948858,136.89540128884013,132.74182642578185,129.98627226837448,0,0,0,0,0,0,8.225831483609598
1647264600,130.573,136.9135,126.413,136.8015,135.29970504230883,136.8864583089506,134.09505095052123,130.25353610098725,0,0,0,0,0,0,8.388307806208912
1647869400,136.8475,141.9595,134.6115,141.5215,136.43094048916177,137.3278908509553,136.57053396701414,130.69541703820343,0,0,0,0,0,0,8.314000105765418
1648474200,140.6845,144.1625,138.797,140.7,137.20713312749598,137.64904410324527,137.94702264467608,131.08775362494055,1,0,0,0,0,0,8.103392955353602
1649079000,140.8245,144.04375,133.752505,134.0105,136.62592710431488,137.30251609341238,136.63484842978406,131.20237112984483,0,0,0,0,0,0,8.259668101399772
1649683800,132.9,132.93918,127.1115,127.253,134.921758539894,136.3454193226112,133.50756561985605,131.04749383063523,0,0,0,0,0,0,8.16247752272836
1650288600,127.41,131.9235,119.1405,119.614,132.13852971445874,134.75195081569586,128.87637707990405,130.5991215235515,0,0,0,0,0,0,8.492514842533476
1650893400,119.4295,123.278,113.12425,114.9665,129.01634249364807,132.86762216658198,124.23975138660269,129.98607754223576,0,0,0,0,0,0,8.611174496638228
1651498200,113.9065,123.143,113.3995,115.66,126.58791658571205,131.2288010078599,121.37983425773513,129.42427057979515,0,0,0,0,0,0,8.692054889735497
1652103000,113.3035,118.085,110.1135,116.5155,124.75656811558258,129.82753424520655,119.75838950515676,128.9180442825483,0,0,0,0,0,0,8.640586683325818
1652707800,115.384,117.2275,106.373,109.313,121.94864664002212,127.8737690789964,116.27659300343784,128.149219016566,0,0,0,0,0,0,8.798723348802545
1653312600,110.104,112.868,102.208,112.799,120.28507452365446,126.43807678575865,115.11739533562523,127.54724964336734,0,1,0,0,0,0,8.931671681030934
1654003800,113.079,117.898,112.5725,114.564,119.24487915571729,125.30721232997212,114.93293022375015,127.0381025985294,0,0,0,0,0,0,8.674087989528724
1654522200,116.7425,119.39848,110.861,111.4275,117.82353749104142,123.98533496521287,113.7644534825001,126.42592210446944,1,0,0,0,0,0,8.664330275990958
1655127000,107.446,112.063,105.62853,107.8655,116.01298521994298,122.45011258757356,111.79813565500007,125.69806241409809,0,1,0,0,0,0,8.505054541991603
1655818200,109.702,118.6375,109.2935,118.538,116.47207881631698,122.07753043637608,114.04475710333338,125.4172756527609,0,0,0,0,0,0,8.666979217563632
1656336600,118.935,119.25,107.105,109.081,115.12824630425935,120.83976563291169,112.39017140222225,124.77663739186832,0,0,0,0,0,0,8.915409273451944
1657027800,107.5145,120.435,106.249505,120.1685,116.04465606712128,120.77583557263439,114.9829476014815,124.59592612159898,1,1,0,0,0,0,9.291843968205379
1657546200,118.65,118.7945,109.3255,112.767,115.44871860037196,120.01308932762159,114.24429840098766,124.13204666585,0,0,0,0,0,0,9.40264082761928
1658151000,113.44,116.33,107.6,108.36,114.1598606730316,118.90327129641953,112.28286560065844,123.5135350318951,0,0,0,0,0,0,9.354595054217905
1658755800,108.88,116.9,104.76,116.64,114.61079509611676,118.68772164914148,113.7352437337723,123.24398463848745,0,1,0,0,0,0,9.553552550345197
1659360600,115.53,119.5,114.26,118.22,115.26701416955008,118.64317673017563,115.23016248918152,123.04696563305657,0,0,0,0,0,0,9.245441653891968
1659965400,119.12,122.65,116.56,122.65,116.60937522963188,119.02477894634937,117.70344165945436,123.03139835332887,0,0,0,0,0,0,9.020052964328256
1660570200,122.21,123.26,117.67,118.12,116.88403427878973,118.93860952288753,117.84229443963623,122.83879449633558,1,0,0,0,0,0,8.775049181161952
1661175000,116.1,117.78,111.22,111.3,115.86875531900978,118.21112290166015,115.66152962642416,122.38629275138125,0,0,0,0,0,0,8.641117096793241
1661779800,110.78,111.96,108.13,108.68,114.56170889737164,117.30339691102584,113.33435308428277,121.84879107485649,0,0,0,0,0,0,8.297465875593725
1662471000,108.135,112,106.51,111.78,114.05594364330408,116.77735910997576,112.81623538952185,121.45393652290133,0,0,0,0,0,0,8.096932598765601
1662989400,111.99,112.64,101.855,103.63,112.1603175263397,115.52522967093046,109.7541569263479,120.75495862004246,1,0,0,0,0,0,8.288937413139488
1663594200,102.54,104.02,98.01,99.17,109.79844161245975,113.96758874988946,106.22610461756527,119.90848965455059,0,0,0,0,0,0,8.12615616934381
1664199000,98.61,101.4,96.03,96.15,107.31690677383071,112.27067553561427,102.86740307837685,118.97678417790155,0,0,0,0,0,0,7.929287871533538
1664803800,97.22,103.73,97.02,99.57,105.90837826949785,111.0610873893653,101.7682687189179,118.21573381798385,0,0,0,0,0,0,7.904338737852571
1665408600,99.85,101.29,95.27,97.18,104.32140040231641,109.7390790665686,100.23884581261193,117.3908030800237,0,0,0,0,0,0,7.769743113720246
1666013400,99.52,104.22,98.23,101.48,103.8047821473498,108.95250010784778,100.65256387507462,116.76685001806199,0,0,0,0,0,0,7.71761860559737
1666618200,102.09,105.0999,91.9,96.58,102.4911853932862,107.77416676424323,99.29504258338308,115.97520884088308,1,0,0,0,0,0,8.109210133768986
1667223000,95.78,96.35,83.45,86.7,99.62006077632508,105.76710326288674,95.09669505558873,114.82716143535826,0,1,0,0,0,0,8.467837981356915
1667831400,87.34,97.36,86.96,96.73,99.09459518062961,104.90642676165943,95.64113003705916,114.1174688300501,0,0,0,0,0,0,8.624420982688564
1668436200,95.5,100.42,95.1125,97.8,98.85921423869695,104.22962421292996,96.36075335803943,113.47756809161676,0,0,0,0,0,0,8.387498055353667
1669041000,97.56,99.0685,94.41,97.6,98.63026619529751,103.59823143074615,96.77383557202629,112.85491836253375,0,0,0,0,0,0,8.121141051399833
1669645800,97.2,102.59,94.39,100.83,99.03021779615251,103.33459034210367,98.12589038135086,112.38335293655203,1,0,0,0,0,0,8.126773833442703
1670250600,99.815,101.7499,93.02,93.07,97.94654183321569,102.35701030952237,96.44059358756724,111.62596654688332,0,0,0,0,0,0,8.169854273911081
1670855400,93.09,99.8,90.01,90.86,96.65807968172193,101.26205694671071,94.58039572504482,110.81161491759377,0,0,0,0,0,0,8.285578968631718
1671460200,90.88,91.2,86.9401,89.81,95.41297428504521,100.17138485654779,92.99026381669655,109.98802217572735,0,0,0,0,0,0,7.998030470872309
1672151400,89.31,89.5,86.3701,88.73,94.19788805140062,99.0817291559242,91.57017587779771,109.15437424726746,0,0,0,0,0,0,7.67244972295286
1672756200,89.83,91.55,85.57,88.16,93.10009022387324,98.04156447440761,90.43345058519847,108.33106545325697,0,1,0,0,0,0,7.551560457027656
1673274600,89.195,92.98,86.7,92.8,93.04552836498719,97.54236785779736,91.22230039013232,107.72200406293317,0,0,0,0,0,0,7.460734710097109
1673965800,92.78,99.42,90.84,99.28,94.17906866226225,97.70785663324523,93.90820026008821,107.39094508007304,0,0,0,0,0,0,7.540682230804458
1674484200,99.13,101.58,95.262,100.71,95.36651072366911,97.99377504912664,96.1754668400588,107.12894723379567,0,0,0,0,0,0,7.453347785746996
1675089000,98.745,108.82,97.52,105.22,97.15805422845655,98.68198694920981,99.19031122670587,107.05408655796055,1,0,0,0,0,0,7.72810865819364
1675693800,102.685,108.67,93.86,94.86,96.74022618691899,98.31798819214221,97.74687415113725,106.57588708509935,0,0,0,0,0,0,8.233958039751238
1676298600,95.01,97.88,92.65,94.59,96.34927597111553,97.96294169765248,96.69458276742483,106.1058522974484,0,0,0,0,0,0,8.019389608340434
1676989800,93.24,93.4149,88.86,89.35,95.07668034000362,97.1426615359713,94.24638851161656,105.44876005048964,0,1,0,0,0,0,7.855861779173261
1677508200,90.09,94.11,89.52,94.02,94.88455664182115,96.84526519921212,94.17092567441104,105.00057338184298,0,0,0,0,0,0,7.634728794946599
1678113000,94.36,96.3,90.8,91.01,94.18009179785366,96.28952565643002,93.11728378294069,104.45192344530012,0,0,0,0,0,0,7.482248166736127
1678714200,90.565,103.49,89.94,102.46,95.68552965278936,96.87718987962715,96.23152252196046,104.3738088003864,0,0,0,0,0,0,7.915659011969261
1679319000,101.06,107.51,100.79,106.06,97.57179698864584,97.75174322442457,99.50768168130698,104.43993394546929,0,0,0,0,0,0,7.8302547968286
1679923800,105.32,105.4,100.28,104,98.74056117252842,98.3468152982889,101.00512112087132,104.42268163388226,0,0,0,0,0,0,7.683808025626557
1680528600,102.67,109.63,102.38,108.9,100.58773186843234,99.35188050797568,103.63674741391422,104.59826274627903,1,0,0,0,0,0,7.652821738081803
1681133400,107.39,109.58,104.97,109.46,102.20087152871737,100.31455855483513,105.57783160927615,104.78891910917005,0,0,0,0,0,0,7.435477328218817
1681738200,105.43,107.05,103.8,105.91,102.87525852349603,100.84745774008893,105.6885544061841,104.83288306567319,0,0,0,0,0,0,7.30865751906033
1682343000,106.05,109.15,103.27,108.22,103.8470297010422,101.54960462198522,106.53236960412274,104.96571118074483,0,1,0,0,0,0,7.206610553413165
1682947800,107.72,108.68,104.5,106.215,104.27756975539816,101.99392799131996,106.42657973608182,105.014702899147,0,0,0,0,0,0,6.990424085312225
1683552600,105.795,118.44,105.79,117.92,106.75801161805305,103.5106967540514,110.25771982405455,105.52079298153339,0,0,0,0,0,0,7.394679507789923
1684157400,116.49,126.479,116.48,123.25,109.75655496022522,105.3906303965227,114.58847988270303,106.21605600186541,0,0,0,0,0,0,7.580702400090643
1684762200,123.51,127.05,120.75,125.43,112.60627224018427,107.29914178733006,118.20231992180202,106.96954400179226,0,0,0,0,0,0,7.489223657227025
1685453400,126.29,126.745,122.89,125.23,114.90149546924168,109.0068425694891,120.54487994786801,107.68564031544746,0,0,0,0,0,0,7.229636253139381
1685971800,124.61,129.55,122.01,122.87,116.35031447483411,110.32714327715681,121.31991996524535,108.28110540111618,1,0,0,0,0,0,7.251805092200854
1686576600,123.395,126.7,122.16,124.06,117.75207547940973,111.63503439361807,122.23327997683023,108.89988558146456,0,0,0,0,0,0,7.058104728472222
1687267800,123.535,125.175,119.6,123.02,118.70987993769887,112.71931683232111,122.49551998455348,109.45361555866202,0,0,0,0,0,0,6.952168676438492
1687786200,121.4656,122.72,116.91,120.97,119.12081085811725,113.50509618162387,121.98701332303565,109.90523847793018,0,0,0,0,0,0,6.8920137709786
1688391000,120.32,123.37,119.2499,120.14,119.30611797482321,114.13699178337397,121.3713422153571,110.3066016748741,0,0,0,0,0,0,6.694019930194415
1688995800,119.07,127.09,115.83,125.7,120.46864197940081,115.23823066114788,122.8142281435714,110.9102643542908,0,1,0,0,0,0,7.020161363751957
1689600600,126.06,127.28,118.685,120.31,120.43979798314612,115.72125631246713,121.9794854290476,111.27888143843626,0,0,0,0,0,0,7.132649837769675
1690205400,121.926,134.07,121.38,133.01,122.72528925893774,117.3678033303274,125.65632361936507,112.13108216634072,1,0,0,0,0,0,7.606031992214697
1690810200,133.01,133.83,127.775,128.54,123.78250939367632,118.43182206077242,126.6175490795767,112.7745691402097,0,0,0,0,0,0,7.49524399277079
1691415000,129.51,132.647,128.75,130.17,124.9438713220988,119.54974376927028,127.80169938638447,113.45674289941716,0,0,0,0,0,0,7.2532265647157335
1692019800,129.85,132.4913,127,128.11,125.5195310817172,120.36500626743502,127.90446625758965,114.03138043277336,0,1,0,0,0,0,7.1273746672360385
1692624600,127.85,134.97,127.16,130.69,126.4596163395868,121.34833900386978,128.83297750505977,114.68465963148813,0,0,0,0,0,0,7.176133619576321
1693229400,132.08,138.58,130.85,136.8,128.33968609602556,122.819925765406,131.48865167003984,115.5519278812337,0,0,0,0,0,0,7.227124075320871
1693920600,136.44,137.515,133.9601,137.2,129.95065226038454,124.18945664489114,133.39243444669322,116.40087188589119,0,0,0,0,0,0,6.964822355655093
1694439000,137.38,139.55,134.93,138.3,131.46871548576917,125.53331791680627,135.0282896311288,117.25966122369938,0,0,0,0,0,0,6.797335044536872
1695043800,137.63,139.93,130.51,131.25,131.42894903381114,126.07776382949139,133.76885975408587,117.80830196002489,1,0,0,0,0,0,6.984668255641383
1695648600,130.77,134.89,128.19,131.85,131.50550375493637,126.62750060763507,133.12923983605725,118.35895678512196,0,1,0,0,0,0,6.964334808809855
1696253400,132.155,139.1857,132.065,138.73,132.81904852676612,127.78011959738411,134.99615989070483,119.1578212249211,0,0,0,0,0,0,6.990860893894864
1696858200,137.99,142.38,136.7,138.58,133.8664942491723,128.80867963572848,136.19077326046988,119.91947529453203,1,0,0,0,0,0,6.897227972902374
1697463000,139.73,141.99,136.245,136.74,134.38894984023187,129.56404347994481,136.37384884031326,120.5791037143543,0,0,0,0,0,0,6.8149259748379185
1698067800,136.23,140.7099,121.46,123.4,132.39095896018972,128.97699171995006,132.04923256020885,120.68972709810511,0,1,0,0,0,0,7.703138405206639
1698672600,124.46,130.73,123.88,130.37,132.02351187651885,129.10965917519292,131.48948837347257,121.06934564327746,0,0,0,0,0,0,7.676485661977592
1699281000,130.22,134.27,129.93,134.06,132.39378244442452,129.5811202061269,132.34632558231505,121.57878306903129,0,0,0,0,0,0,7.438165257550621
1699885800,133.36,138.8799,132.77,136.94,133.22036745452914,130.2819659007815,133.87755038821004,122.18118373299085,0,0,0,0,0,0,7.343289167725575
1700490600,135.5,141.1,135.49,138.22,134.12939155370566,131.0379691483261,135.32503359214002,122.81015691993238,1,0,0,0,0,0,7.219482798602319
1701095400,137.57,139.67,132.1517,133.32,133.9822294530319,131.2553054199141,134.65668906142668,123.22230762895464,0,0,0,0,0,0,7.240826884416437
1701700200,131.294,140,129.4,136.64,134.46546046157155,131.76813347516037,135.31779270761777,123.74849164350543,0,1,0,0,0,0,7.480767821243835
1702305000,133.82,135.035,131.06,133.84,134.35174037764946,131.96545409657367,134.82519513841186,124.14423706925032,0,0,0,0,0,0,7.344998691154989
1702909800,133.86,143.25,133.77,142.72,135.87324212716774,132.98969656356664,137.45679675894124,124.87269836065227,0,0,0,0,0,0,7.497498784643917
1703601000,142.98,143.945,139.9,140.93,136.7926526495009,133.74591593846506,138.6145311726275,125.50239646415609,0,0,0,0,0,0,7.250891728597922
1704205800,139.6,141.09,136.85,137.39,136.90126125868255,134.09297156337314,138.206354115085,125.9685769949735,0,0,0,0,0,0,7.035828033698071
1704724200,138,146.66,137.88,144.24,138.23557739346754,135.05935522400426,140.21756941005665,126.68510338732749,0,0,0,0,0,0,7.195411745576782
1705415400,143.43,148.04,140.51,147.97,140.00547241283707,136.28894044076577,142.80171294003776,127.51980521527543,0,0,0,0,0,0,7.219310906607012
1705933800,148.71,154.76,147.19,153.79,142.5117501559576,137.9557080178357,146.4644752933585,128.55000893232344,0,0,0,0,0,0,7.244360127563653
1706538600,153.64,155.2,138.17,143.54,142.69870467305623,138.4875453494704,145.48965019557232,129.13785171929115,1,1,0,0,0,0,7.94333440416625
1707143400,144.04,150.695,143.91,150.22,144.06621291431873,139.60492198285417,147.06643346371487,129.96460263226012,0,0,0,0,0,0,7.887024803868661
1707748200,149.54,150.59,141.52,141.76,143.64690147535168,139.81016750829662,145.29762230914324,130.4271672349166,0,0,0,0,0,0,7.9715230321637565
1708439400,140.94,146.2,140.8,145.29,143.94564666165138,140.33205631703026,145.29508153942882,131.01002342178262,0,0,0,0,0,0,7.78784281558063
1708957800,143.45,143.84,136.64,138.08,142.87916545044203,140.1175747630274,142.89005435961923,131.28727740524212,0,0,0,0,0,0,7.849425471610585
1709562600,136.54,138.985,131.55,136.29,141.68113536854347,139.75304383321526,140.69003623974615,131.48346260503655,0,1,0,0,0,0,7.819823652209829
1710163800,137.07,144.73,137.07,142.17,141.7700198469901,139.9832301348138,141.1833574931641,131.90254250287825,0,0,0,0,0,0,7.864121962766269
1710768600,149.37,152.93,147.01,151.77,143.58819805662827,141.1057796457839,144.71223832877607,132.68165848315752,0,0,0,0,0,0,8.070970393997252
1711373400,150.95,153.2,148.8,152.26,145.16488931905948,142.16808634618545,147.22815888585072,133.4494365818572,0,0,0,0,0,0,7.808758222997446
1711978200,151.83,157,151.081,153.94,146.7603639883214,143.28922097988206,149.4654392572338,134.25298808845105,0,0,0,0,0,0,7.673775492783344
1712583000,154.015,161.7,153.99,159.19,149.0202978086266,144.80358088655996,152.70695950482255,135.23091012419806,0,0,0,0,0,0,7.679934386155962
1713187800,160.28,160.83,153.91,155.72,150.2384254797854,145.84323984974472,153.71130633654838,136.03440384481775,0,0,0,0,0,0,7.625653358573394
1713792600,156.01,176.42,152.768,173.69,154.50234811982443,148.4953122450071,160.37087089103224,137.511093890119,1,1,0,0,0,0,8.770392404389579
1714397400,170.77,171.38,164.5,168.99,157.13646664349272,150.44718726929216,163.24391392735484,138.74556079638884,0,0,0,0,0,0,8.800364375504609
1715002200,169.22,173.47,167.89,170.29,159.52801816285768,152.336978957931,165.59260928490323,139.982597627903,0,0,0,0,0,0,8.570338348682851
1715607000,165.847,177.495,165.76,177.29,162.75746940597446,154.71345715241375,169.49173952326882,141.44563301504405,0,0,0,0,0,0,8.79638560949122
1716211800,177.31,179.95,174.54,176.33,165.22520224125182,156.77217551885053,171.77115968217922,142.81364740661095,1,0,0,0,0,0,8.554500923098988
1716903000,175.74,178.51,170.97,173.96,166.81334728829694,158.4091111837219,172.50077312145282,144.03507299850855,0,0,0,0,0,0,8.48203657144906
1717421400,173.88,179.42,172.45,175.95,168.47455687224294,160.07967202336744,173.65051541430188,145.28663876327292,0,0,0,0,0,0,8.374033959202698
1718026200,176.45,182.08,174.38,178.37,170.27372835001697,161.82160802114197,175.2236769428679,146.5840254784387,0,0,0,0,0,0,8.325888676402508
1718631000,176.98,182.5117,175.62,180.26,172.08941410455932,163.5776453524618,176.90245129524527,147.90465193026463,0,0,0,0,0,0,8.223446628088043
1719235800,181.28,187.5,180.23,183.42,174.14952063100307,165.4673934141321,179.07496753016352,149.2974106780974,0,0,0,0,0,0,8.155343297510326
1719840600,184.48,192.26,182.73,191.96,177.38778960718435,167.99049880326237,183.36997835344235,150.9704533966034,0,0,0,0,0,0,8.253533061973874
1720445400,191.365,193.31,186.14,186.78,179.09546422405992,169.77997510771357,184.50665223562822,152.37474934183464,1,0,0,0,0,0,8.176137843261456
1721050200,186.49,190.34,178.21,179.39,179.14901618332175,170.6952155736456,182.8011014904188,153.4341709362725,0,0,0,0,0,0,8.45855656874278
1721655000,182.35,185.22,165.865,168.68,177.24555869544506,170.50329028091747,178.0940676602792,154.03204658583044,0,0,0,0,0,0,9.236873956689724
1722259800,170.5,175.91,166.39,168.4,175.63727529627323,170.3029769208301,174.86271177351946,154.59549573932728,0,0,0,0,0,0,9.257097245497603
1722864600,157.37,165.94,156.6,165.39,173.77413433331446,169.83507435694153,171.7051411823463,155.01880963190268,0,1,0,0,0,0,9.438733156533488
1723469400,165.995,166.95,159.53,164.74,172.13156445453,169.34982918008996,169.38342745489754,155.40003278359276,0,0,0,0,0,0,9.29453793106681
1724074200,167,170.41,165.03,167.43,171.27673455370638,169.16698830579568,168.7322849699317,155.87179620384404,1,0,0,0,0,0,9.035642364562037
1724679000,168.155,169.38,161.982,165.11,170.15551008939613,168.78060846714848,167.52485664662115,156.23407870565407,0,0,0,0,0,0,8.918667909950463
1725370200,163.315,163.38,151.935,152.13,166.87814461859682,167.19483623218196,162.3932377644141,156.07313444268723,0,0,0,0,0,0,9.222691630668288
1725888600,153.63,159.275,148.2,158.37,165.3312092333974,166.35437563864082,161.0521585096094,156.16320760179755,0,1,0,0,0,0,9.35499937133484
1726493400,158.33,164.99,157.61,164.64,165.20553482732515,166.19110176829406,162.24810567307293,156.4956308330996,0,0,0,0,0,0,9.213927987668066
1727098200,165.34,166.97,162.03,165.29,165.22089213144784,166.10528255226606,163.2620704487153,156.840508055331,0,0,0,0,0,0,8.908647417120347
1727703000,164.78,170.44,164.64,168.56,165.82800265300278,166.33906516633596,165.0280469658102,157.30009597472977,1,0,0,0,0,0,8.686601173040323
1728307800,169.14,169.9,161.12,164.52,165.59018398882046,166.16582086478016,164.85869797720682,157.58322946591684,0,1,0,0,0,0,8.693272517823157
1728912600,164.91,169.09,164.37,165.05,165.49196871812583,166.05955221099157,164.92246531813788,157.8760439966652,0,0,0,0,0,0,8.409467337978645
1729517400,164.58,167.6,162.77,166.99,165.76433804210296,166.14816628613522,165.61164354542527,158.23345403601166,0,0,0,0,0,0,8.153791099551599
1730122200,170.59,183.79,165.79,172.65,167.01627657990244,166.76738854459853,167.95776236361684,158.79880877969748,0,0,0,0,0,0,8.857091735297914
1730730600,171.24,182.58,169.485,179.86,169.35149901992017,168.01430392130342,171.9251749090779,159.62473784716033,0,0,0,0,0,0,9.15979946849092
1731335400,180.07,184.025,172.745,173.89,170.17668101629832,168.57389402403643,172.58011660605192,160.18415989236973,1,0,0,0,0,0,9.31124236359871
1731940200,174.955,180.17,165.31,166.57,169.5209208315168,168.3830469741282,170.5767444040346,160.43458499462974,0,1,0,0,0,0,9.707582194770229
1732545000,167.99,171.495,167.4,170.49,169.6971170439683,168.58370916706838,170.54782960268975,160.82891499484035,0,0,0,0,0,0,9.365969180858071
1733149800,170.32,177.71,170.27,176.49,170.9321866723377,169.3366892463952,172.52855306845984,161.44307519112112,0,0,0,0,0,0,9.228399953653922
1733754600,175.715,196.89,175.4,191.38,174.64997091373084,171.43605217530992,178.81236871230655,162.6170722424497,0,0,0,0,0,0,10.104228528392927
1734359400,194.365,202.88,186.37,192.96,177.97906711123431,173.48595196813756,183.52824580820436,163.8069909780399,1,0,0,0,0,0,10.561783633507718
1734964200,194.03,198.16,191.63,194.04,180.89923672737353,175.44348035212445,187.03216387213624,164.99259917497952,0,0,0,0,0,0,10.273799088257165
1735569000,190.865,194.5,188.71,193.13,183.12301186785106,177.12791079477927,189.0647759147575,166.09602665831366,0,0,0,0,0,0,9.953527724810225
1736173800,195.15,202.14,191.6,193.17,184.94973698278724,178.6557288143241,190.43318394317166,167.15775110308567,0,0,0,0,0,0,9.995418601609495
1736778600,191.35,198.81,188.66,197.55,187.24069389500775,180.4551832129599,192.80545596211445,168.34960400100388,0,1,0,0,0,0,10.00646013006596
1737469800,200.51,203.84,196.82,201.9,189.90602227773363,182.49754671648753,195.83697064140964,169.6653058048861,0,0,0,0,0,0,9.793141549346965
1737988200,194.19,207.08,192.61,205.6,192.75947277269114,184.69778036253635,199.09131376093976,171.07450949881212,0,0,0,0,0,0,10.127202867250753
1738593000,202.215,208.7,185.1,187.14,191.73775045038366,184.93037270896147,195.10754250729318,171.70452873415283,1,0,0,0,0,0,11.089545519589986
1739197800,189.06,189.99,183.63,186.87,190.85270491395028,185.11509911763181,192.36169500486213,172.2992530975194,0,0,0,0,0,0,10.751720839619272
1739889000,187.44,187.78,181.13,181.58,189.16675856595933,184.77842301119068,188.76779666990808,172.6632039564402,0,0,0,0,0,0,10.458740779646467
1740407400,183.8,185.09,168.39,172.22,186.08552973578492,183.58238272441062,183.2518644466054,172.64582340912884,0,0,0,0,0,0,10.90454500967172
1741012200,173.73,176.9,167.54,175.75,184.20634251109675,182.836441512562,180.7512429644036,172.7675558244571,0,0,0,0,0,0,10.79422036612374
1741613400,170.16,170.45,163.24,167.62,181.19064387271553,181.38725660660373,176.37416197626905,172.56569089016466,0,0,0,0,0,0,10.916776054257758
1742218200,167.325,168.46,158.8,166.25,178.47416316858542,179.9456131202605,172.9994413175127,172.31801673760918,0,0,0,0,0,0,10.827006336096488
1742823000,169.265,172.91,155.3394,156.06,174.39886077429716,177.67079282309282,167.3529608783418,171.68044745378137,1,0,0,0,0,0,11.30869159780388
1743427800,154.81,160.275,147.54,147.74,169.5517951789704,174.8202411256554,160.81530725222788,170.7416063771625,0,0,0,0,0,0,11.41057076938932
1744032600,143.39,161.87,142.66,159.4,167.70601423733942,173.35164673273584,160.34353816815192,170.29683749962672,0,1,0,0,0,0,11.967672857290083
1744637400,162.31,164.03,150.9,153.36,165.0976480123686,171.4476803772372,158.01569211210128,169.632647793759,0,0,0,0,0,0,12.050696224626506
1745242200,150.965,168.24,148.4,163.85,164.8708029192107,170.72409176988126,159.96046140806752,169.40587729204296,1,0,0,0,0,0,12.607075065724613
1745847000,164.26,166.7,157.155,165.81,165.04156602480876,170.25608302989255,161.91030760537834,169.26486249627658,0,0,0,0,0,0,12.388355418172853
1746451800,164.515,167.1,149.4901,154.38,163.10309947484353,168.74407512228373,159.4002050702522,168.68114239838337,0,0,0,0,0,0,12.761322888303363
1747056600,159.1,170.65,157.58,167.43,163.8898086612356,168.61892511063766,162.07680338016814,168.63207799060362,0,0,0,0,0,0,13.011942681995981
1747661400,165.715,178.13,164.26,169.59,164.9262070864655,168.7114084334341,164.58120225344544,168.66964355959956,1,0,0,0,0,0,13.07323249042484
1748352600,171.3,176.48,168.525,172.85,166.36689670710814,169.10556001120227,167.33746816896362,168.83357910628195,0,0,0,0,0,0,12.707644455394492
1748871000,169.01,175.83,166.68,174.92,167.92200639672484,169.65931620061158,169.86497877930907,169.07226227858462,0,0,0,0,0,0,12.453526994294887
1749475800,175.87,182.445,173.57,175.88,169.36891432459305,170.25176227674382,171.8699858528727,169.3392323853068,1,0,0,0,0,0,12.197917923273822
1750080600,175.905,178.715,166.27,167.73,169.07092990193976,170.01159444086346,170.4899905685818,169.2761252329418,0,0,0,0,0,0,12.215566643039978
1750685400,167.32,178.84,163.33,178.27,170.74348810158708,170.79810925601933,173.0833270457212,169.628826204199,0,1,0,0,0,0,12.450883311394264
1751290200,180.785,181.58,174.66,180.55,172.5264902649349,171.72686075544607,175.5722180304808,170.05710752952453,0,0,0,0,0,0,12.055820217723246
1751895000,180.135,182.61,173.88,181.31,174.12349203494674,172.63954068349884,177.48481202032053,170.4983974303275,0,0,0,0,0,0,11.818261630743015
1752499800,182.07,187.36,180.7109,185.94,176.2719480285928,173.90625109459418,180.30320801354702,171.10395047227541,0,0,0,0,0,0,11.449035799975658
1753104600,187.1,198.97,187.05,194.08,179.50977565975774,175.82756051415663,184.89547200903135,172.00497202238225,0,0,0,0,0,0,11.56196181426311
1753709400,194.41,198.4799,188.7,189.95,181.4079982670745,177.17255475090363,186.58031467268756,172.7086986097398,0,0,0,0,0,0,11.434671684672889
1754314200,191.175,203.43,190.92,202.09,185.1683622185155,179.5456447746271,191.7502097817917,173.86090650739706,0,0,0,0,0,0,11.580766564339113
1754919000,201.555,207.33,198.64,204.91,188.75775090605813,181.96129765323406,196.13680652119447,175.0785180169109,0,0,0,0,0,0,11.374283238314892
1755523800,205.07,209.23,197.46,206.72,192.02361437768394,184.319269305307,199.66453768079631,176.31936044762026,0,0,0,0,0,0,11.4025487212924
1756128600,207,215.34,205.95,213.53,195.93386630901412,187.10124365718252,204.2863584538642,177.77860121438025,0,0,0,0,0,0,11.258795241200087
1756819800,208.99,236.1299,206.96,235.17,203.0677087982843,191.67922045173657,214.58090563590946,180.0292443040124,0,0,0,0,0,0,12.53815986682865
1757338200,235.79,242.57,233.38,241.38,210.03357992586896,196.41262802776166,223.5139370906063,182.43515629209034,0,0,0,0,0,0,12.299005590626605
1757943000,245.14,256.7,244.98,255.24,218.25292903025644,202.01523488226056,234.08929139373754,185.29024820220445,1,0,0,0,0,0,12.514790905581847
1758547800,254.78,256.31,241.65,247.18,223.51239647930072,206.31664108395003,238.45286092915836,187.71729729231407,0,0,0,0,0,0,12.668020126611713
1759152600,248.275,251.6483,239.2,246.45,227.68286984670058,210.13886574262145,241.11857395277224,190.02054053575273,0,0,0,0,0,0,12.652325831853734
1759757400,245.78,252.2,236.685,237.49,229.46598442002775,212.7437356718956,239.90904930184817,191.8820879657232,0,1,0,0,0,0,12.856802558149894
1760362200,241.03,257.58,240.75,253.79,233.88853270729544,216.65290370314364,244.53603286789877,194.30984922196936,0,0,0,0,0,0,13.373459518282043
1760967000,255.23,262.51,244.67,260.51,238.72879948778717,220.82977001712996,249.86068857859917,196.90593356620585,0,0,0,0,0,0,13.69249812411904
1761571800,265.36,291.93,264.94,281.82,246.5635632172804,226.63836334883186,260.51379238573276,200.2358969557664,0,0,0,0,0,0,14.958748258110537
1762180200,282.42,288.81,275.74,279.7,252.5883699050476,231.69185255370502,266.9091949238218,203.35213629083438,0,0,0,0,0,0,14.823837668245499
1762785000,285.265,292.36,271.41,276.98,257.0232117404935,236.00500945335216,270.26612994921453,206.23950349511537,0,0,0,0,0,0,15.261420691942249
1763389800,286.4,306.89,279.01,299.65,264.77353687858556,242.0664371244615,280.06075329947635,209.90266022079712,0,0,0,0,0,0,16.307747785374943
1763994600,311.01,328.67,309.4001,320.12,274.8365301733882,249.50010977927468,293.41383553298425,214.22490883958938,1,0,0,0,0,0,17.215765800705306
1764599400,317.475,323.83,313.98,322.09,283.4280701418631,256.413432657439,302.9725570219895,218.45491241450745,0,0,0,0,0,0,16.689639672083494
1765204200,321.03,321.99,306.96,310.52,288.35387557061523,261.56643907101625,305.488371347993,222.0653080060954,0,0,0,0,0,0,16.578236838363246
1765809000,312.625,312.7,297.45,308.61,292.03680728504884,266.0467782071099,306.5289142319953,225.45921749605245,0,1,0,0,0,0,16.483362778480156
1766413800,311.225,316.5599,306.59,314.96,296.20466050594905,270.70518028262325,309.33927615466354,228.96905210405038,0,0,0,0,0,0,16.01811543716015
1767018600,312.82,322.9138,310.65,315.32,299.6801767775947,274.9542107318972,311.3328507697757,232.35536378624448,0,0,0,0,0,0,15.74995004879157
1767623400,317.695,331.48,312.34,329.14,305.03650827257746,280.11476209076415,317.26856717985044,236.1508397161957,0,0,0,0,0,0,15.99209647387789
1768228200,326.5,341.2,325.51,330.34,309.6371431321088,284.89811808211994,321.62571145323363,239.84453227634486,0,0,0,0,0,0,15.970518154315183
1768919400,321.24,335.21,319.5401,328.43,313.0540261989981,289.0440115981085,323.8938076354891,243.31847218707645,0,0,0,0,0,0,15.949045429006954
1769437800,328.2,342.29,326.72,338.53,317.68602143554386,293.75696287447914,328.7725384236594,247.05225759150483,0,0,0,0,0,0,15.921970755506456
1770042600,336.55,350.15,306.92,323.1,318.6703811745359,296.55153783881445,326.8816922824396,250.03452199968112,1,0,0,0,0,0,17.872544272970277
1770647400,321.24,327.74,303.9,306.02,316.37031187007483,297.45329613987974,319.9277948549597,252.23003094087008,,,0,0,0,0,18.29879111061526
1771338600,300.64,304.89,296.9,302.82,313.9066188027885,297.96441079322454,314.22519656997315,254.21395129613006,,,,,,,17.64316317414274