Trade #,Typ,Datum und Uhrzeit,Signal,Preis USD,Positionsgröße (Menge),Positionsgröße (Wert),G&V netto USD,G&V netto %,Positive Exkursion USD,Positive Exkursion %,Negative Exkursion USD,Negative Exkursion %,Kumulativer G&V USD,Kumulativer G&V %
1,Long-Ausstieg,2022-01-05 10:00,Partial TP,1816.75,2.7,4905.144,-0.9,-0.02,1.91,0.04,-11.99,-0.24,-1.39,-0.01
1,Long-Einstieg,2022-01-05 06:00,Long,1816.72,2.7,4905.144,-0.9,-0.02,1.91,0.04,-11.99,-0.24,-1.39,-0.01
2,Long-Ausstieg,2022-01-06 02:00,SL Long,1807.58,2.7,4905.144,-25.66,-0.52,34.37,0.70,-25.17,-0.51,-26.56,-0.27
2,Long-Einstieg,2022-01-05 06:00,Long,1816.72,2.7,4905.144,-25.66,-0.52,34.37,0.70,-25.17,-0.51,-26.56,-0.27
3,Long-Ausstieg,2022-01-10 12:00,Partial TP,1799.74,2.7,4856.436,1.89,0.04,5.05,0.10,0,0.00,-25.17,-0.25
3,Long-Einstieg,2022-01-10 10:00,Long,1798.68,2.7,4856.436,1.89,0.04,5.05,0.10,0,0.00,-25.17,-0.25
4,Long-Ausstieg,2022-01-10 14:00,SL Long,1790.63,2.8,5036.304,-23.55,-0.47,9.74,0.19,-23.04,-0.46,-48.21,-0.48
4,Long-Einstieg,2022-01-10 10:00,Long,1798.68,2.8,5036.304,-23.55,-0.47,9.74,0.19,-23.04,-0.46,-48.21,-0.48
5,Long-Ausstieg,2022-01-19 16:00,Partial TP,1827.17,2.7,4914.432,17.94,0.37,22,0.45,0,0.00,-30.76,-0.31
5,Long-Einstieg,2022-01-19 14:00,Long,1820.16,2.7,4914.432,17.94,0.37,22,0.45,0,0.00,-30.76,-0.31
6,Long-Ausstieg,2022-01-20 16:00,Partial TP,1846.17,1.3,2366.208,33.34,1.41,34.67,1.46,0,0.00,2.81,0.03
6,Long-Einstieg,2022-01-19 14:00,Long,1820.16,1.3,2366.208,33.34,1.41,34.67,1.46,0,0.00,2.81,0.03
7,Long-Ausstieg,2022-01-27 06:00,SL Long,1812.94,1.4,2548.224,-10.62,-0.42,46.9,1.84,-10.36,-0.41,-7.55,-0.08
7,Long-Einstieg,2022-01-19 14:00,Long,1820.16,1.4,2548.224,-10.62,-0.42,46.9,1.84,-10.36,-0.41,-7.55,-0.08
8,Long-Ausstieg,2022-02-01 08:00,Partial TP,1801.58,2.7,4859.352,3.94,0.08,9.61,0.20,-11.37,-0.23,-4.11,-0.04
8,Long-Einstieg,2022-01-31 20:00,Long,1799.76,2.7,4859.352,3.94,0.08,9.61,0.20,-11.37,-0.23,-4.11,-0.04
9,Long-Ausstieg,2022-02-03 14:00,SL Long,1792.62,2.8,5039.328,-21,-0.42,30.44,0.60,-20.5,-0.41,-24.61,-0.25
9,Long-Einstieg,2022-01-31 20:00,Long,1799.76,2.8,5039.328,-21,-0.42,30.44,0.60,-20.5,-0.41,-24.61,-0.25
10,Long-Ausstieg,2022-02-14 16:00,Partial TP,1866.46,2.6,4832.126,19.7,0.41,20.86,0.43,0,0.00,-5.41,-0.05
10,Long-Einstieg,2022-02-14 14:00,Long,1858.51,2.6,4832.126,19.7,0.41,20.86,0.43,0,0.00,-5.41,-0.05
11,Long-Ausstieg,2022-02-15 10:00,SL Long,1854.63,2.7,5017.977,-11.48,-0.23,56.17,1.12,-10.98,-0.22,-16.38,-0.16
11,Long-Einstieg,2022-02-14 14:00,Long,1858.51,2.7,5017.977,-11.48,-0.23,56.17,1.12,-10.98,-0.22,-16.38,-0.16
12,Long-Ausstieg,2022-02-17 06:00,Partial TP,1873.76,2.3,4307.026,1.76,0.04,8.06,0.19,0,0.00,-15.07,-0.15
12,Long-Einstieg,2022-02-17 04:00,Long,1872.62,2.3,4307.026,1.76,0.04,8.06,0.19,0,0.00,-15.07,-0.15
13,Long-Ausstieg,2022-05-02 14:00,SL Long,1862.01,2.4,4494.288,-26.36,-0.59,474.51,10.56,-25.91,-0.58,-40.98,-0.41
13,Long-Einstieg,2022-02-17 04:00,Long,1872.62,2.4,4494.288,-26.36,-0.59,474.51,10.56,-25.91,-0.58,-40.98,-0.41
14,Short-Ausstieg,2022-07-19 04:00,Partial TP,1706.09,2.8,4778.62,0.61,0.01,3.33,0.07,0,0.00,-40.86,-0.41
14,Short-Einstieg,2022-07-19 02:00,Short,1706.65,2.8,4778.62,0.61,0.01,3.33,0.07,0,0.00,-40.86,-0.41
15,Short-Ausstieg,2022-07-19 12:00,SL Short,1715.28,2.9,4949.285,-26.02,-0.53,3.45,0.07,-25.52,-0.52,-66.39,-0.66
15,Short-Einstieg,2022-07-19 02:00,Short,1706.65,2.9,4949.285,-26.02,-0.53,3.45,0.07,-25.52,-0.52,-66.39,-0.66
16,Short-Ausstieg,2022-07-20 08:00,Partial TP,1708.38,2.9,4954.621,-0.67,-0.01,0.29,0.01,-0.38,-0.01,-67.56,-0.68
16,Short-Einstieg,2022-07-20 06:00,Short,1708.49,2.9,4954.621,-0.67,-0.01,0.29,0.01,-0.38,-0.01,-67.56,-0.68
17,Short-Ausstieg,2022-07-20 10:00,SL Short,1713.46,2.9,4954.621,-15.41,-0.31,6.81,0.14,-14.91,-0.30,-82.47,-0.82
17,Short-Einstieg,2022-07-20 06:00,Short,1708.49,2.9,4954.621,-15.41,-0.31,6.81,0.14,-14.91,-0.30,-82.47,-0.82
18,Short-Ausstieg,2022-07-25 18:00,Partial TP,1716.46,2.8,4813.508,6.46,0.13,11.89,0.25,0,0.00,-76.51,-0.77
18,Short-Einstieg,2022-07-25 16:00,Short,1719.11,2.8,4813.508,6.46,0.13,11.89,0.25,0,0.00,-76.51,-0.77
19,Short-Ausstieg,2022-07-26 02:00,SL Short,1728.01,2.9,4985.419,-26.81,-0.54,12.32,0.25,-26.31,-0.53,-102.82,-1.03
19,Short-Einstieg,2022-07-25 16:00,Short,1719.11,2.9,4985.419,-26.81,-0.54,12.32,0.25,-26.31,-0.53,-102.82,-1.03
20,Short-Ausstieg,2022-07-27 18:00,SL Short,1720.74,5.7,9767.178,-43,-0.44,10.99,0.11,-42.02,-0.43,-145.82,-1.46
20,Short-Einstieg,2022-07-27 14:00,Short,1713.54,5.7,9767.178,-43,-0.44,10.99,0.11,-42.02,-0.43,-145.82,-1.46
21,Short-Ausstieg,2022-08-04 06:00,SL Short,1771.48,2.9,5089.355,-48.96,-0.96,1.55,0.03,-48.45,-0.95,-194.78,-1.95
21,Short-Einstieg,2022-08-03 16:00,Short,1754.95,2.9,5089.355,-48.96,-0.96,1.55,0.03,-48.45,-0.95,-194.78,-1.95
22,Short-Ausstieg,2022-09-06 16:00,Partial TP,1707.73,2.8,4786.656,4.06,0.08,10.16,0.21,0,0.00,-191.22,-1.91
22,Short-Einstieg,2022-09-06 14:00,Short,1709.52,2.8,4786.656,4.06,0.08,10.16,0.21,0,0.00,-191.22,-1.91
23,Short-Ausstieg,2022-09-07 04:00,Partial TP,1696.98,1.4,2393.328,17.08,0.71,23.35,0.98,-0.17,-0.01,-173.9,-1.74
23,Short-Einstieg,2022-09-06 14:00,Short,1709.52,1.4,2393.328,17.08,0.71,23.35,0.98,-0.17,-0.01,-173.9,-1.74
24,Short-Ausstieg,2022-09-07 16:00,SL Short,1712.67,1.5,2564.28,-5.24,-0.20,27.09,1.06,-4.98,-0.19,-178.88,-1.79
24,Short-Einstieg,2022-09-06 14:00,Short,1709.52,1.5,2564.28,-5.24,-0.20,27.09,1.06,-4.98,-0.19,-178.88,-1.79
25,Short-Ausstieg,2022-09-21 20:00,SL Short,1669.75,5,8299.85,-50.56,-0.61,29.97,0.36,-49.73,-0.60,-229.44,-2.29
25,Short-Einstieg,2022-09-21 20:00,Short,1659.97,5,8299.85,-50.56,-0.61,29.97,0.36,-49.73,-0.60,-229.44,-2.29
26,Short-Ausstieg,2022-09-23 14:00,Partial TP,1647.51,1.4,2315.306,8.33,0.36,17.32,0.75,-6.55,-0.28,-221.35,-2.21
26,Short-Einstieg,2022-09-23 10:00,Short,1653.79,1.4,2315.306,8.33,0.36,17.32,0.75,-6.55,-0.28,-221.35,-2.21
27,Short-Ausstieg,2022-09-30 08:00,SL Short,1670.95,1.4,2315.306,-24.49,-1.06,54.33,2.35,-24.26,-1.05,-245.6,-2.46
27,Short-Einstieg,2022-09-23 10:00,Short,1653.79,1.4,2315.306,-24.49,-1.06,54.33,2.35,-24.26,-1.05,-245.6,-2.46
28,Short-Ausstieg,2022-10-27 16:00,Partial TP,1658.18,2.9,4811.187,1.5,0.03,11.61,0.24,0,0.00,-244.58,-2.45
28,Short-Einstieg,2022-10-27 14:00,Short,1659.03,2.9,4811.187,1.5,0.03,11.61,0.24,0,0.00,-244.58,-2.45
29,Short-Ausstieg,2022-10-27 16:00,SL Short,1664.96,2.9,4811.187,-18.16,-0.38,11.61,0.24,-17.68,-0.37,-262.26,-2.62
29,Short-Einstieg,2022-10-27 14:00,Short,1659.03,2.9,4811.187,-18.16,-0.38,11.61,0.24,-17.68,-0.37,-262.26,-2.62
30,Short-Ausstieg,2022-11-02 17:00,SL Short,1648.92,5.9,9710.102,-20.47,-0.21,0,0.00,-19.5,-0.20,-282.73,-2.83
30,Short-Einstieg,2022-11-02 17:00,Short,1645.78,5.9,9710.102,-20.47,-0.21,0,0.00,-19.5,-0.20,-282.73,-2.83
31,Short-Ausstieg,2022-11-02 23:00,Partial TP,1635.42,2.9,4743.53,-0.14,0.00,2.54,0.05,0,0.00,-283.36,-2.83
31,Short-Einstieg,2022-11-02 21:00,Short,1635.7,2.9,4743.53,-0.14,0.00,2.54,0.05,0,0.00,-283.36,-2.83
32,Short-Ausstieg,2022-11-04 13:00,SL Short,1654.1,3,4907.1,-56.19,-1.14,56.69,1.16,-55.69,-1.13,-339.06,-3.39
32,Short-Einstieg,2022-11-02 21:00,Short,1635.7,3,4907.1,-56.19,-1.14,56.69,1.16,-55.69,-1.13,-339.06,-3.39