symbol,entry_time,exit_time,entry_price,exit_price,sl_price,lot_size,pnl,rr,exit_reason,initial_risk
WDC,1970-01-01 00:00:01+00:00,1970-01-01 00:00:01+00:00,32.44208866528103,33.022753429835866,33.02599763870239,1078.663230536734,622.7796878039908,0.6263417307935752,stop_loss,1000.0
WDC,1970-01-01 00:00:01+00:00,1970-01-01 00:00:01+00:00,34.097045986992974,32.95094105981214,32.95435076441084,875.0933636111881,-1005.8323307626524,-1.0029839142855588,stop_loss,999.9650059118349
WDC,1970-01-01 00:00:01+00:00,1970-01-01 00:00:01+00:00,34.95295948982239,33.75291430144787,33.75640959739685,835.6819670813687,-1005.6767937891644,-1.002921145178405,stop_loss,999.9351678131729
WDC,1970-01-01 00:00:01+00:00,1970-01-01 00:00:01+00:00,35.75720752988543,35.1462468549524,35.14982257570539,1623.2945224198909,-997.4743880330659,-1.005887074956966,stop_loss,985.964669120706
WDC,1970-01-01 00:00:01+00:00,1970-01-01 00:00:01+00:00,35.27846678325108,35.84033577680452,35.84386362348285,1530.5304331521024,854.472121614002,0.8721514364518943,stop_loss,986.0186638877527
WDC,1970-01-01 00:00:01+00:00,1970-01-01 00:00:01+00:00,36.55326164790562,35.87014525127139,35.87380057743618,1436.3322980181606,-986.3342886074336,-1.0053797433343223,stop_loss,975.9318807612551
WDC,1970-01-01 00:00:01+00:00,1970-01-01 00:00:01+00:00,36.8223471232823,36.11652816764014,36.12021040235247,1389.8708742061092,-986.016939967374,-1.0052443272123024,stop_loss,975.8793781309524
WDC,1970-01-01 00:00:01+00:00,1970-01-01 00:00:01+00:00,37.4870142527989,38.18872280278614,38.19247150421142,1204.3718537041852,840.5186848209471,0.8760882652695545,stop_loss,964.6494087535576
WDC,1970-01-01 00:00:01+00:00,1970-01-01 00:00:01+00:00,37.62245377131872,38.18870925883429,38.19247150421142,1232.7333420091752,693.3343700369365,0.7236563720249266,stop_loss,964.6042604487121
WDC,1970-01-01 00:00:01+00:00,1970-01-01 00:00:01+00:00,37.98302525111607,37.98637970214843,37.990178004673545,1348.4355427688652,-0.5989574546302716,0.004689733828251701,breakeven,964.5027125569386
WDC,1970-01-01 00:00:01+00:00,1970-01-01 00:00:01+00:00,39.30010023117065,38.52444075184822,38.52837076187134,1249.7274411087756,-974.1774413414876,-1.0050924711047862,stop_loss,964.4514948956681
WDC,1970-01-01 00:00:01+00:00,1970-01-01 00:00:01+00:00,37.96997379575457,37.97281529940605,37.976612296785625,1452.975419425058,-1.388721763831307,0.004280339248555598,breakeven,964.5578819955401
WDC,1970-01-01 00:00:01+00:00,1970-01-01 00:00:01+00:00,39.59580445970808,38.79252493079321,38.796484511239186,1213.505632735626,-979.4917277505627,-1.004953686510085,stop_loss,969.9792598249503
WDC,1970-01-01 00:00:01+00:00,1970-01-01 00:00:01+00:00,39.48308917454311,43.70352163126809,43.70746994018554,1172.0987239638653,4941.641012909355,5.152147183808798,stop_loss,960.1362928157001
WDC,1970-01-01 00:00:01+00:00,1970-01-01 00:00:01+00:00,40.40396518707276,43.703429543666836,43.70746994018554,1073.3547713712358,3536.8048816569813,3.688712262140076,stop_loss,960.0900147372605
WDC,1970-01-01 00:00:01+00:00,1970-01-01 00:00:01+00:00,41.22911810193744,43.70334702837535,43.70746994018554,1171.9881180984116,2894.64492289678,3.0204437591211533,stop_loss,960.0466469484447
WDC,1970-01-01 00:00:01+00:00,1970-01-01 00:00:01+00:00,43.42705959592547,43.433828085393905,43.4381707913535,863.9919377982229,2.0952726024503923,0.006091594295389267,breakeven,959.9983269119095
WDC,1970-01-01 00:00:01+00:00,1970-01-01 00:00:01+00:00,45.40022621154785,44.15985015987396,44.16439018249512,776.7703673588027,-966.9175676249092,-1.0036736448156773,stop_loss,959.9608062825364
WDC,1970-01-01 00:00:01+00:00,1970-01-01 00:00:01+00:00,43.21517527444022,47.148929721704214,47.15325123923166,1213.1469722773354,4766.502439247017,4.485136656805973,stop_loss,1064.0082259565504
WDC,1970-01-01 00:00:01+00:00,1970-01-01 00:00:01+00:00,44.78263562066214,47.148772975669594,47.15325123923166,1253.5998683119153,2960.27890708591,2.7878878782063548,stop_loss,1063.9557995975097
WDC,1970-01-01 00:00:01+00:00,1970-01-01 00:00:01+00:00,47.64072550364903,47.64699965409279,47.65176372664315,963.8323674542692,1.4548572281020498,0.005684022190074079,breakeven,1063.8996600913931
WDC,1970-01-01 00:00:01+00:00,1970-01-01 00:00:01+00:00,48.43002492359707,47.22498810723578,47.22983110972814,886.4016212420886,-1072.332618281188,-1.0040351836814971,stop_loss,1063.8537424181436
WDC,1970-01-01 00:00:01+00:00,1970-01-01 00:00:01+00:00,51.472916630336215,51.486741648330685,51.49188893999372,595.7998104733414,5.16936400929956,0.007286945155357679,breakeven,1130.3698498183333
WDC,1970-01-01 00:00:01+00:00,1970-01-01 00:00:01+00:00,51.569693619864324,51.58419733045578,51.589354299817764,574.923748792652,5.372829653874668,0.007377013727807795,breakeven,1130.3391822643603
WDC,1970-01-01 00:00:01+00:00,1970-01-01 00:00:01+00:00,54.65348670142038,52.345056052326484,52.35052140099663,490.8061504073904,-1135.561087909597,-1.0023731789050998,stop_loss,1130.3095336227802
WDC,1970-01-01 00:00:01+00:00,1970-01-01 00:00:01+00:00,56.68454892294748,55.23539221078328,55.241060665675576,775.2280039518992,-1127.7088676696533,-1.0039269144475116,stop_loss,1119.032520412902
WDC,1970-01-01 00:00:01+00:00,1970-01-01 00:00:01+00:00,58.581251171657016,56.69346855356761,56.69932667868478,588.6057025258289,-1114.4966240252215,-1.0031128374911111,stop_loss,1107.711488286489
WDC,1970-01-01 00:00:01+00:00,1970-01-01 00:00:01+00:00,59.91191182817732,58.24020855290549,58.24619974408831,658.2962633590055,-1104.3099507232155,-1.0035967747608026,stop_loss,1096.532040787736
WDC,1970-01-01 00:00:01+00:00,1970-01-01 00:00:01+00:00,49.6258857182094,48.14598732554299,48.15094991411481,735.9299967357789,-1092.644826913811,-1.0033646132652314,stop_loss,1085.4495014928166
WDC,1970-01-01 00:00:01+00:00,1970-01-01 00:00:01+00:00,50.517108644757954,49.05774992269789,49.062801633562366,738.805638215354,-1081.806866260836,-1.0034736206492776,stop_loss,1074.4502195674206
WDC,1970-01-01 00:00:01+00:00,1970-01-01 00:00:01+00:00,53.32301966803414,51.58623428793362,51.591566589900424,614.2787477247356,-1070.0391810945996,-1.0030796687673167,stop_loss,1063.5948285801192
WDC,1970-01-01 00:00:01+00:00,1970-01-01 00:00:01+00:00,49.86021396092006,51.29185015043531,51.2968361718314,728.2856501931765,1038.90458127755,0.9703612488618744,stop_loss,1074.486532045764
WDC,1970-01-01 00:00:01+00:00,1970-01-01 00:00:01+00:00,55.20424385070801,53.6065870432663,53.61210746765137,667.7357394268496,-1070.3920530711778,-1.0034673062206327,stop_loss,1063.1263650087158
WDC,1970-01-01 00:00:01+00:00,1970-01-01 00:00:01+00:00,52.40784606933594,53.34131887616839,53.34655966077532,843.6695563770667,783.0423441471041,0.7406932048547857,stop_loss,1063.250727384202
WDC,1970-01-01 00:00:01+00:00,1970-01-01 00:00:01+00:00,52.818409769875664,53.341277819798336,53.34655966077532,797.9962306916694,412.99011912334765,0.3924418521611159,stop_loss,1063.206512479958
WDC,1970-01-01 00:00:01+00:00,1970-01-01 00:00:01+00:00,54.487702982766294,52.95773974168641,52.96318851198469,697.3789911242867,-1070.6573830328612,-1.0035741020519708,stop_loss,1063.1643635880507
WDC,1970-01-01 00:00:01+00:00,1970-01-01 00:00:01+00:00,47.257288864680696,48.901306560891015,48.906032289777485,1122.5483617880807,1839.9999634745861,1.7515380387490753,stop_loss,1053.639333433793
WDC,1970-01-01 00:00:01+00:00,1970-01-01 00:00:01+00:00,48.41698427200318,48.42363350031853,48.42847519874573,916.8853900529257,1.6566880885020314,0.0057865030944196354,breakeven,1053.5862848415954
WDC,1970-01-01 00:00:01+00:00,1970-01-01 00:00:01+00:00,50.10453327723912,48.77752749746051,48.78253795078823,796.9331441166969,-1061.4221311750753,-1.0037900688659558,stop_loss,1053.541892016086
WDC,1970-01-01 00:00:01+00:00,1970-01-01 00:00:01+00:00,51.017282894679475,51.02604981164932,51.03115153993879,765.2544912734749,2.8041312067663564,0.006321393911175706,breakeven,1061.304307256727
WDC,1970-01-01 00:00:01+00:00,1970-01-01 00:00:01+00:00,51.31362875529698,51.32276691195488,51.32789827483041,743.7288014957966,2.9792883065712426,0.006403969409403784,breakeven,1061.2652660518593
WDC,1970-01-01 00:00:01+00:00,1970-01-01 00:00:01+00:00,52.832575580051966,51.29668019437245,51.301963451930455,693.3350932810566,-1068.4467493548095,-1.0034517285345763,stop_loss,1061.2271026282447
WDC,1970-01-01 00:00:01+00:00,1970-01-01 00:00:01+00:00,52.790011746542795,51.51068039791243,51.51595939908709,824.5168455933099,-1059.0773904129483,-1.0041434727428578,stop_loss,1050.477622644932
WDC,1970-01-01 00:00:01+00:00,1970-01-01 00:00:01+00:00,51.82000139781407,50.50270318346704,50.507885183606824,800.6637120065185,-1058.7564462983723,-1.0039493454037633,stop_loss,1050.5638386511118
WDC,1970-01-01 00:00:01+00:00,1970-01-01 00:00:01+00:00,52.225318390982494,50.993419190703804,50.9986417225429,856.3971055166177,-1059.3619710664375,-1.0042574640681303,stop_loss,1050.5223482564365
WDC,1970-01-01 00:00:01+00:00,1970-01-01 00:00:01+00:00,54.216329383850095,52.664301687068935,52.66972332000732,658.6435693793752,-1025.701762347798,-1.0035055034796097,stop_loss,1018.6621383131902
WDC,1970-01-01 00:00:01+00:00,1970-01-01 00:00:01+00:00,43.26490478515625,49.25356761679513,49.25789410727365,612.182583895954,3663.139868725378,3.6357261978738653,stop_loss,1008.3694114530082
WDC,1970-01-01 00:00:01+00:00,1970-01-01 00:00:01+00:00,43.96628180912563,49.25349747909274,49.25789410727365,586.7772710405688,3099.5278989422313,3.076748895617704,stop_loss,1008.3429254318048
WDC,1970-01-01 00:00:01+00:00,1970-01-01 00:00:01+00:00,49.0678015436445,49.080235730123526,49.08514251027789,581.4653521537564,4.376202964512183,0.007170411397416669,breakeven,1008.3171270169471
WDC,1970-01-01 00:00:01+00:00,1970-01-01 00:00:01+00:00,55.54402578898838,55.551708877744666,55.55726328032357,812.8118902987869,1.729596945106854,0.005804036853920159,breakeven,1075.9590354967645
WDC,1970-01-01 00:00:01+00:00,1970-01-01 00:00:01+00:00,66.40959890910557,65.06492658913339,65.07156754902431,804.0521623107657,-1086.4182459645203,-1.0049632318711221,stop_loss,1075.8470083129516
WDC,1970-01-01 00:00:01+00:00,1970-01-01 00:00:01+00:00,59.131378282819476,64.57403215396336,64.57994529179165,584.3140742092688,3176.44610637733,2.9557831424668133,stop_loss,1075.9311846216192
WDC,1970-01-01 00:00:01+00:00,1970-01-01 00:00:01+00:00,65.81756196703229,64.38402049185888,64.39060224805559,753.9782791462426,-1085.7135498335133,-1.0046124330695398,stop_loss,1075.8966333250612
WDC,1970-01-01 00:00:01+00:00,1970-01-01 00:00:01+00:00,67.58339230673654,65.97482814431599,65.98158648354666,677.8828862507069,-1094.890437833329,-1.0042192000633465,stop_loss,1085.8367546371437
WDC,1970-01-01 00:00:01+00:00,1970-01-01 00:00:01+00:00,69.36895716530937,67.59323206812451,67.60016896384104,607.6714191905575,-1083.164837424466,-1.0039218351359291,stop_loss,1074.842036633771
WDC,1970-01-01 00:00:01+00:00,1970-01-01 00:00:01+00:00,77.33497641427176,74.77795048847744,74.78568398611887,417.3145501444136,-1070.2047166073417,-1.0030335859299706,stop_loss,1063.8568228411855
WDC,1970-01-01 00:00:01+00:00,1970-01-01 00:00:01+00:00,78.76809956686837,76.11724490613392,76.1251217160906,402.5098241051219,-1070.0588371063207,-1.0029802784591504,stop_loss,1063.8245498302927
WDC,1970-01-01 00:00:01+00:00,1970-01-01 00:00:01+00:00,70.27356016976493,74.38740988894327,74.39443724496024,557.9767504149565,2291.281853478446,2.157425779343731,stop_loss,1063.9682347268779
WDC,1970-01-01 00:00:01+00:00,1970-01-01 00:00:01+00:00,70.67654026576452,74.38736959093367,74.39443724496024,532.9799285911395,1973.832851249298,1.8589562881160537,stop_loss,1063.9290237141342
WDC,1970-01-01 00:00:01+00:00,1970-01-01 00:00:01+00:00,71.57350390298026,74.38727989456994,74.39443724496024,482.46479048533257,1353.9589199140628,1.2760211260914796,stop_loss,1063.8913545367502
WDC,1970-01-01 00:00:01+00:00,1970-01-01 00:00:01+00:00,103.0660765511649,99.87344594274249,99.8837525503976,345.16506603450983,-1105.4318372363089,-1.0032387046864573,stop_loss,1098.4270738680489
WDC,1970-01-01 00:00:01+00:00,1970-01-01 00:00:01+00:00,85.7300907952445,107.01677919646943,107.02535220554896,457.2318507035719,9728.058785041501,8.859567400995056,stop_loss,1098.5809456056722
WDC,1970-01-01 00:00:01+00:00,1970-01-01 00:00:01+00:00,86.08057141985212,107.01674414840697,107.02535220554896,454.47949537352144,9510.197525138781,8.661538118181667,stop_loss,1098.541747077597
WDC,1970-01-01 00:00:01+00:00,1970-01-01 00:00:01+00:00,90.28587194170272,107.01632361835479,107.02535220554896,426.3960053858101,7129.234629934576,6.4941108008522015,stop_loss,1098.5026252229366
WDC,1970-01-01 00:00:01+00:00,1970-01-01 00:00:01+00:00,90.58951783861433,107.0162932537651,107.02535220554896,409.02988152649795,6714.6647157464095,6.116760513668021,stop_loss,1098.4641276877978
WDC,1970-01-01 00:00:01+00:00,1970-01-01 00:00:01+00:00,127.35055555616107,127.39648753366471,127.40922258922032,241.72405885071882,8.023384428224,0.007829265450879147,breakeven,1418.1233351812725
WDC,1970-01-01 00:00:01+00:00,1970-01-01 00:00:01+00:00,114.94848752702987,126.40120062723433,126.41269547598704,307.9819897489912,3523.3364392977246,2.4871893928299365,stop_loss,1418.1587372451797
WDC,1970-01-01 00:00:01+00:00,1970-01-01 00:00:01+00:00,130.78502287183488,124.6213131461416,124.63439164842879,230.56049045690887,-1423.9812124978978,-1.0021263674917489,stop_loss,1418.0925514880864
WDC,1970-01-01 00:00:01+00:00,1970-01-01 00:00:01+00:00,140.73625120435443,163.8296017158045,163.84367534092493,180.17355519367302,4157.859286802876,2.8911864700425,stop_loss,1439.1361837413494
WDC,1970-01-01 00:00:01+00:00,1970-01-01 00:00:01+00:00,141.69742668696813,163.82950559825625,163.84367534092493,172.9107059176837,3824.040600430396,2.6591929660560307,stop_loss,1439.1108267906252
WDC,1970-01-01 00:00:01+00:00,1970-01-01 00:00:01+00:00,150.64337823050363,163.82861100310188,163.84367534092493,131.97626130507376,1737.9755770071504,1.209196206357626,stop_loss,1439.08632578855
WDC,1970-01-01 00:00:01+00:00,1970-01-01 00:00:01+00:00,164.92012165614537,158.90001658071245,158.91650859287807,255.89010865484337,-1544.5514361169144,-1.0027470145047377,stop_loss,1536.2651990811053
WDC,1970-01-01 00:00:01+00:00,1970-01-01 00:00:01+00:00,181.21173384530204,174.84159731285638,174.85971848624092,239.41653118371414,-1529.3019886383186,-1.0028528226649662,stop_loss,1520.7774832920861
WDC,1970-01-01 00:00:01+00:00,1970-01-01 00:00:01+00:00,188.4866239275251,181.36905743937902,181.38790610177176,212.0722523804802,-1513.2846910612932,-1.002655220682862,stop_loss,1505.441078320976
WDC,1970-01-01 00:00:01+00:00,1970-01-01 00:00:01+00:00,213.67368730817523,204.84184717856272,204.86321454729352,169.14736576273626,-1497.3473386464027,-1.0024252238569624,stop_loss,1490.2682586274832
WDC,1970-01-01 00:00:01+00:00,1970-01-01 00:00:01+00:00,220.97350333077566,211.39626943607874,211.4183667864118,155.96136270445703,-1496.9754141814344,-1.0023126148151282,stop_loss,1490.2321162861422
WDC,1970-01-01 00:00:01+00:00,1970-01-01 00:00:01+00:00,230.1847650800432,220.1189773077065,220.14199578421452,145.4035617482208,-1466.8020022303374,-1.002292044736861,stop_loss,1460.254425429163
WDC,1970-01-01 00:00:01+00:00,1970-01-01 00:00:01+00:00,242.42538168770926,231.13978007099695,231.16402260916573,128.3639857001269,-1451.6318068873647,-1.002152718690497,stop_loss,1445.5529357221565
WDC,1970-01-01 00:00:01+00:00,1970-01-01 00:00:01+00:00,282.19140041896276,268.4203752530071,268.44859439304895,104.12111029719085,-1436.6492529596353,-1.002053375416102,stop_loss,1430.9162220170706
WDC,1970-01-01 00:00:01+00:00,1970-01-01 00:00:01+00:00,246.18327522277832,262.98659851730895,263.0112168448312,118.28160079731964,1984.4133304058867,1.3889003078111228,stop_loss,1431.0054989650546
WDC,1970-01-01 00:00:01+00:00,1970-01-01 00:00:01+00:00,253.68184629167828,262.98584866020207,263.0112168448312,115.73344000865328,1073.7405742640112,0.7524821618285579,stop_loss,1430.9763800131716
WDC,1970-01-01 00:00:01+00:00,1970-01-01 00:00:01+00:00,280.2690492357527,267.2192889105933,267.2473158155169,109.88913490708865,-1436.9633225254966,-1.0021523175155804,stop_loss,1430.9470205404325
WDC,1970-01-01 00:00:01+00:00,1970-01-01 00:00:01+00:00,287.0913515363421,268.9952530492074,269.02396218436104,79.29935118544927,-1437.141983921646,-1.0015890029596604,stop_loss,1432.7322532269907
WDC,1970-01-01 00:00:01+00:00,1970-01-01 00:00:01+00:00,288.36926345825196,269.31208333122254,269.34092025756837,75.29344367814495,-1436.9084619765677,-1.0015154722637543,stop_loss,1432.7094870690826
MU,1970-01-01 00:00:01+00:00,1970-01-01 00:00:01+00:00,68.05577667781284,68.07020392038345,68.07700949805123,661.2156343494456,5.038610041684602,0.0067947839281955365,breakeven,1403.9472702952041
MU,1970-01-01 00:00:01+00:00,1970-01-01 00:00:01+00:00,69.92883299418858,67.70695099323954,67.71394387653896,633.8476538461845,-1412.6262826282275,-1.003157215972436,stop_loss,1403.902270751657
MU,1970-01-01 00:00:01+00:00,1970-01-01 00:00:01+00:00,75.24434146881103,73.53157297033309,73.53909740447997,814.9820286391977,-1401.8682365297052,-1.0044125262208956,stop_loss,1389.7432668734734
MU,1970-01-01 00:00:01+00:00,1970-01-01 00:00:01+00:00,72.38912021092005,77.15095685606275,77.15819576808384,536.0325622901323,2548.363955594217,1.8366185271565145,stop_loss,1389.7820697990621
MU,1970-01-01 00:00:01+00:00,1970-01-01 00:00:01+00:00,78.80472883496965,77.50608804932457,77.51396852220807,1065.7335879308007,-1392.2651880491303,-1.0061052953097382,stop_loss,1375.6066192780781
MU,1970-01-01 00:00:01+00:00,1970-01-01 00:00:01+00:00,77.08239945002964,75.20260700118746,75.21031524113246,734.8297983521313,-1386.853617780383,-1.004117464325787,stop_loss,1375.6632617221226
MU,1970-01-01 00:00:01+00:00,1970-01-01 00:00:01+00:00,77.76909155164446,80.73295555631637,80.74073246547154,932.4409780888268,2756.1003798342444,2.0125239518238054,stop_loss,1373.215085929318
MU,1970-01-01 00:00:01+00:00,1970-01-01 00:00:01+00:00,78.03671594347273,80.73292879387719,80.74073246547154,885.0647625301625,2379.1775991288678,1.7378552211891212,stop_loss,1373.1425708415265
MU,1970-01-01 00:00:01+00:00,1970-01-01 00:00:01+00:00,81.93122316087995,80.23633521216529,80.24452833448137,814.0205311525558,-1386.2049906774919,-1.0048575013024617,stop_loss,1373.0042184772392
MU,1970-01-01 00:00:01+00:00,1970-01-01 00:00:01+00:00,82.27443378993443,80.48308278524127,80.49131022862026,769.9620792221392,-1385.4692363665738,-1.0046140624001039,stop_loss,1372.937524779444
MU,1970-01-01 00:00:01+00:00,1970-01-01 00:00:01+00:00,79.62259788513184,79.6304150824356,79.63837734222412,870.1652377922308,-0.12690855687026126,0.00495403438663772,breakeven,1373.0735032940615
MU,1970-01-01 00:00:01+00:00,1970-01-01 00:00:01+00:00,85.996962084089,83.67944493356977,83.68804462977818,604.8327723503613,-1406.7715301848505,-1.0037245576676423,stop_loss,1396.508945018958
MU,1970-01-01 00:00:01+00:00,1970-01-01 00:00:01+00:00,86.65777931213378,84.31578910182952,84.32445487976074,598.4838249937394,-1406.6894227576888,-1.0037139189951394,stop_loss,1396.456931237967
MU,1970-01-01 00:00:01+00:00,1970-01-01 00:00:01+00:00,85.63493445260184,86.89764835958208,86.90621185302734,760.9428481923625,954.2407024252525,0.702239174214611,stop_loss,1368.2704584293135
MU,1970-01-01 00:00:01+00:00,1970-01-01 00:00:01+00:00,87.5531702859061,87.56486587154389,87.57362118857247,669.0195134460625,1.966314616820262,0.005718860349874505,breakeven,1368.2052951383864
MU,1970-01-01 00:00:01+00:00,1970-01-01 00:00:01+00:00,92.71712259565082,89.92609134882792,89.93536306108749,495.24578893867954,-1386.700023590934,-1.003333038727597,stop_loss,1377.6546953325128
MU,1970-01-01 00:00:01+00:00,1970-01-01 00:00:01+00:00,91.03728436061314,93.43307690510885,93.44218063354491,594.2092549103794,1418.0502228834584,1.0333113300653165,stop_loss,1377.7087905294218
MU,1970-01-01 00:00:01+00:00,1970-01-01 00:00:01+00:00,95.69145347050258,95.71232146493912,95.72189061028617,448.05188234785163,5.061535608492656,0.0068560957386002135,breakeven,1363.7417773320753
MU,1970-01-01 00:00:01+00:00,1970-01-01 00:00:01+00:00,99.21538224901471,96.64391084288732,96.65383238111222,537.9084834890717,-1388.4148423574886,-1.003873255933536,stop_loss,1377.879404825058
MU,1970-01-01 00:00:01+00:00,1970-01-01 00:00:01+00:00,119.13681242806571,119.18694238368988,119.19885606493268,219.84406005827313,8.400518843002825,0.008079789992267978,breakeven,1363.9925029617639
MU,1970-01-01 00:00:01+00:00,1970-01-01 00:00:01+00:00,126.41728820800782,119.12693651824952,119.13957824707032,187.41696478180532,-1368.568226773006,-1.0017370476274337,stop_loss,1363.9663114412172
MU,1970-01-01 00:00:01+00:00,1970-01-01 00:00:01+00:00,129.2764276776995,126.06466384457181,126.07759148733957,422.1232526354505,-1361.0816785312097,-1.00404135816855,stop_loss,1350.3031373227254
MU,1970-01-01 00:00:01+00:00,1970-01-01 00:00:01+00:00,120.26319310324534,124.78658491290228,124.79861123221261,314.3463412583295,1417.9890448030048,1.0530019653705827,stop_loss,1350.3409416174652
MU,1970-01-01 00:00:01+00:00,1970-01-01 00:00:01+00:00,133.9070858819144,148.16057747029714,148.17396817888533,269.4945529918322,3837.2454973244076,2.8436394590231817,stop_loss,1350.8176403993027
MU,1970-01-01 00:00:01+00:00,1970-01-01 00:00:01+00:00,139.6580202102661,148.1600023768643,148.17396817888533,276.1909281695022,2344.078301015905,1.7383790446088783,stop_loss,1350.7815531690505
MU,1970-01-01 00:00:01+00:00,1970-01-01 00:00:01+00:00,147.3229564666748,147.35711001239778,147.37184230804445,276.3055606791689,5.365255709963783,0.006986388035082667,breakeven,1350.7429808908223
MU,1970-01-01 00:00:01+00:00,1970-01-01 00:00:01+00:00,147.97305750165665,148.00717817882537,148.02197548457553,276.1156928687564,5.334543962351446,0.006975078515665767,breakeven,1350.702274738735
MU,1970-01-01 00:00:01+00:00,1970-01-01 00:00:01+00:00,154.4187163761684,148.74165504565102,148.75709691728864,238.56450029276388,-1357.8937473071194,-1.0027274654804643,stop_loss,1350.6614170554371
MU,1970-01-01 00:00:01+00:00,1970-01-01 00:00:01+00:00,93.28678065708706,107.01583633483885,107.02516501290457,399.30812087757295,5477.8501948555395,3.91869702847016,stop_loss,1398.9658767385838
MU,1970-01-01 00:00:01+00:00,1970-01-01 00:00:01+00:00,95.30037359510148,107.01563497554505,107.02516501290457,488.93878272083094,5722.8132291807415,4.094594627502165,stop_loss,1398.928626569497
MU,1970-01-01 00:00:01+00:00,1970-01-01 00:00:01+00:00,95.92632002149308,107.01557238090241,107.02516501290457,484.11832495108706,5363.329457232662,3.837714803726734,stop_loss,1398.8820305208385
MU,1970-01-01 00:00:01+00:00,1970-01-01 00:00:01+00:00,110.04342474256242,105.12959572575433,105.14060006822858,285.3121789474419,-1404.9747391635212,-1.0022444903102203,stop_loss,1398.8355908314709
MU,1970-01-01 00:00:01+00:00,1970-01-01 00:00:01+00:00,113.11981269291469,108.91422063221252,108.9255326134818,369.6449321841339,-1558.601751042335,-1.002697001882339,stop_loss,1550.3943755232328
MU,1970-01-01 00:00:01+00:00,1970-01-01 00:00:01+00:00,112.25260546548026,108.86319792997904,108.87442319052559,454.30256984678147,-1544.7622366943835,-1.0033228700031303,stop_loss,1534.716888922752
MU,1970-01-01 00:00:01+00:00,1970-01-01 00:00:01+00:00,110.28362208775113,106.86387616136824,106.87490452357702,450.2474948285051,-1544.5435555568126,-1.0032353405646408,stop_loss,1534.7665438473177
MU,1970-01-01 00:00:01+00:00,1970-01-01 00:00:01+00:00,105.2667188644409,102.95469950151441,102.96522617340085,653.3902280930314,-1517.3778183570998,-1.0045738454557862,stop_loss,1503.772834353105
MU,1970-01-01 00:00:01+00:00,1970-01-01 00:00:01+00:00,111.56350988660539,107.84713017964226,107.85828653063092,401.7163306303648,-1497.2628144508546,-1.003010979343706,stop_loss,1488.4487307279892
MU,1970-01-01 00:00:01+00:00,1970-01-01 00:00:01+00:00,109.04120834895542,105.09416362273896,105.10506774357385,378.1699957285411,-1496.6282331944703,-1.0027702569415293,stop_loss,1488.5302759240844
MU,1970-01-01 00:00:01+00:00,1970-01-01 00:00:01+00:00,109.33468341827393,105.28636019468307,105.2972936630249,368.6760828269303,-1496.401604375936,-1.0027080537190194,stop_loss,1488.4890398107889
MU,1970-01-01 00:00:01+00:00,1970-01-01 00:00:01+00:00,99.53724754878453,100.50192714987891,100.51188087463379,448.2375565541298,427.9007534266908,0.29955339902730116,stop_loss,1443.5009873239524
MU,1970-01-01 00:00:01+00:00,1970-01-01 00:00:01+00:00,99.92430030277797,99.94856894136429,99.95856137139457,421.31096001254764,6.0137006677437626,0.007083444727864144,breakeven,1443.456370991325
MU,1970-01-01 00:00:01+00:00,1970-01-01 00:00:01+00:00,106.18316173553465,102.435732735157,102.44635105133055,386.2690389668126,-1451.4725737761853,-1.002841545122538,stop_loss,1443.4142717884358
MU,1970-01-01 00:00:01+00:00,1970-01-01 00:00:01+00:00,109.92073546818324,106.88767019386563,106.89866226741245,474.24320329442645,-1443.4796666040122,-1.0036372625070806,stop_loss,1433.1976753237802
MU,1970-01-01 00:00:01+00:00,1970-01-01 00:00:01+00:00,95.84574358803887,93.26391545942855,93.27350003378734,551.5460412569133,-1429.1410178771469,-1.0037261535141007,stop_loss,1418.710749496043
MU,1970-01-01 00:00:01+00:00,1970-01-01 00:00:01+00:00,107.82324365888323,103.96514241274697,103.97592473711286,365.0033334258473,-1412.0145778882238,-1.0028025553860063,stop_loss,1404.2842311985203
MU,1970-01-01 00:00:01+00:00,1970-01-01 00:00:01+00:00,98.94944989340645,102.37129794354303,102.38119288853237,417.7888406254465,1425.3329710748885,1.017974975989527,stop_loss,1404.3664759768244
MU,1970-01-01 00:00:01+00:00,1970-01-01 00:00:01+00:00,105.94684363773891,102.29892993351255,102.30952461787633,386.08797532802924,-1412.36525490975,-1.0029127729258627,stop_loss,1404.3251360008728
MU,1970-01-01 00:00:01+00:00,1970-01-01 00:00:01+00:00,100.75056116921563,95.02357779444289,95.0336528505598,243.18291098025048,-1395.0152992387157,-1.0017623259907877,stop_loss,1390.254406737933
MU,1970-01-01 00:00:01+00:00,1970-01-01 00:00:01+00:00,96.69997539520263,93.09109847322463,93.10076847076415,382.37400053311296,-1383.5002676620759,-1.0026867023048494,stop_loss,1376.243150444022
MU,1970-01-01 00:00:01+00:00,1970-01-01 00:00:01+00:00,97.04004317692349,93.4289889332608,93.4386929375785,382.13616655565266,-1383.4846854653958,-1.0026945461209744,stop_loss,1376.2061748875788
MU,1970-01-01 00:00:01+00:00,1970-01-01 00:00:01+00:00,85.57726009913853,94.06286648576464,94.07142421177456,427.7127677778869,3625.3790050005955,2.637110795366081,stop_loss,1376.279752930798
MU,1970-01-01 00:00:01+00:00,1970-01-01 00:00:01+00:00,97.89086987631661,93.90103247346333,93.91082156045097,338.81479213975547,-1354.9974361990774,-1.0024595397368963,stop_loss,1348.4992428462022
MU,1970-01-01 00:00:01+00:00,1970-01-01 00:00:01+00:00,102.12632860456195,122.20596489879063,122.21617753165108,361.5159629985423,7254.691110860107,5.294098926561952,stop_loss,1371.1698916594878
MU,1970-01-01 00:00:01+00:00,1970-01-01 00:00:01+00:00,102.32504975455149,122.20594502667564,122.21617753165108,365.48106138198256,7261.624309430419,5.299333366672066,stop_loss,1371.132971361455
MU,1970-01-01 00:00:01+00:00,1970-01-01 00:00:01+00:00,108.67703802926198,122.20530982784815,122.21617753165108,359.7685195135844,4862.649754215378,3.5497498574465434,stop_loss,1371.095573493665
MU,1970-01-01 00:00:01+00:00,1970-01-01 00:00:01+00:00,110.54746510641915,122.20512278514045,122.21617753165108,309.9197939571658,3609.1514871650666,2.635149559417148,stop_loss,1371.056474916588
MU,1970-01-01 00:00:01+00:00,1970-01-01 00:00:01+00:00,114.9023318699428,122.2046872984641,122.21617753165108,300.0077428717063,2187.0969345171497,1.5979049407637114,stop_loss,1371.0222140689796
MU,1970-01-01 00:00:01+00:00,1970-01-01 00:00:01+00:00,119.11880108969551,119.16052880407332,119.17244068418229,302.5265000542683,9.018817613612917,0.007779274764669706,breakeven,1622.7398784416262
MU,1970-01-01 00:00:01+00:00,1970-01-01 00:00:01+00:00,124.32923771994456,160.37960514908653,160.39203807285853,418.54542975573423,15082.003913406232,9.29798621964444,stop_loss,1622.7940300237779
MU,1970-01-01 00:00:01+00:00,1970-01-01 00:00:01+00:00,131.53819555555071,160.37888425330297,160.39203807285853,364.99864503009286,10520.9584888699,6.487052374614262,stop_loss,1622.741992589545
MU,1970-01-01 00:00:01+00:00,1970-01-01 00:00:01+00:00,131.6645779473441,160.3788716150638,160.39203807285853,349.25180321879975,10022.917580594289,6.180166412774827,stop_loss,1622.6939813263975
MU,1970-01-01 00:00:01+00:00,1970-01-01 00:00:01+00:00,135.158239201137,160.37852224893842,160.39203807285853,355.06353737878175,8949.108456103564,5.518635543817763,stop_loss,1622.6479972351297
MU,1970-01-01 00:00:01+00:00,1970-01-01 00:00:01+00:00,135.39523241860525,160.37849854961667,160.39203807285853,348.43611546144274,8699.48403612523,5.364891015739733,stop_loss,1622.600007472613
MU,1970-01-01 00:00:01+00:00,1970-01-01 00:00:01+00:00,180.18646044049945,186.7606945802743,186.77871322631836,287.9904814290545,1887.938324706668,0.8784480128932712,stop_loss,2155.297555634769
MU,1970-01-01 00:00:01+00:00,1970-01-01 00:00:01+00:00,196.10443305969238,187.55205055217743,187.5716609954834,252.5719768152036,-2164.8291956191892,-1.0022982499893818,stop_loss,2155.1391079708087
MU,1970-01-01 00:00:01+00:00,1970-01-01 00:00:01+00:00,182.36173428126747,182.4190182091141,182.43725438254225,285.3870197827074,11.14208745376169,0.007585255697450109,breakeven,2155.24566364928
MU,1970-01-01 00:00:01+00:00,1970-01-01 00:00:01+00:00,190.51106349400115,182.9599427726964,182.9789938790458,286.1356479895179,-2165.879956815751,-1.0025293322185402,stop_loss,2155.193619977411
MU,1970-01-01 00:00:01+00:00,1970-01-01 00:00:01+00:00,201.7147838592529,221.9745620595605,221.99473353794642,206.06179217007664,4170.19215731622,1.9592728256695762,stop_loss,2130.7732900837436
MU,1970-01-01 00:00:01+00:00,1970-01-01 00:00:01+00:00,217.03859421866278,226.46143408875054,226.4831379481724,191.13810311047814,1796.7351977884177,0.8452794493457918,stop_loss,2130.7317243738744
MU,1970-01-01 00:00:01+00:00,1970-01-01 00:00:01+00:00,240.52814053126744,228.56001826356615,228.58407107761929,181.88040265776488,-2180.923955922197,-1.0020137871892387,stop_loss,2172.392161601836
MU,1970-01-01 00:00:01+00:00,1970-01-01 00:00:01+00:00,253.0517317090716,239.7744935743005,239.7997987474714,163.63699793449604,-2176.570987066326,-1.0019095458182778,stop_loss,2168.506526665448
MU,1970-01-01 00:00:01+00:00,1970-01-01 00:00:01+00:00,254.271849496024,254.3370088371277,254.3624360220773,236.9777826457521,9.414094133517462,0.007193049997896481,breakeven,2146.699408169086
MU,1970-01-01 00:00:01+00:00,1970-01-01 00:00:01+00:00,263.86170872279575,254.03417073133195,254.06055690220424,219.01287077025427,-2157.9209834147864,-1.002692149999845,stop_loss,2146.5783970828516
MU,1970-01-01 00:00:01+00:00,1970-01-01 00:00:01+00:00,256.7423860822405,247.6452026186044,247.67087685721262,236.6352828554176,-2158.5747413621,-1.0028302058644645,stop_loss,2146.639151390003
MU,1970-01-01 00:00:01+00:00,1970-01-01 00:00:01+00:00,295.40274745396204,287.79060045488626,287.82014072963165,277.39350328493305,-2119.543247880785,-1.0038957941271833,stop_loss,2103.3658432938973
MU,1970-01-01 00:00:01+00:00,1970-01-01 00:00:01+00:00,268.1967970166888,325.1893635739953,325.21618325369695,150.20799358834103,8555.854467839126,4.069856625977364,stop_loss,2103.449791666104
MU,1970-01-01 00:00:01+00:00,1970-01-01 00:00:01+00:00,286.2082776750837,325.18756242592946,325.21618325369695,152.55697632069047,5941.600857606147,2.827106087874186,stop_loss,2103.409506363337
MU,1970-01-01 00:00:01+00:00,1970-01-01 00:00:01+00:00,307.43921247209823,325.18543933244973,325.21618325369695,239.96712101370065,4250.707587167335,2.0453074083832923,stop_loss,2082.088468012093
MU,1970-01-01 00:00:01+00:00,1970-01-01 00:00:01+00:00,315.57294224330354,325.1846259594726,325.21618325369695,221.77464695199896,2124.4159922060344,1.023829356359498,stop_loss,2082.0146927093897
MU,1970-01-01 00:00:01+00:00,1970-01-01 00:00:01+00:00,332.056818825858,332.1389406520844,332.17214633396696,180.52455487589322,8.82908268329918,0.007120749210050824,breakeven,2081.944706631536
MU,1970-01-01 00:00:01+00:00,1970-01-01 00:00:01+00:00,393.7409199305943,377.77369157311574,377.8130656651088,143.80924410863065,-2301.667775501812,-1.0024720273890495,stop_loss,2290.5726821918993
MU,1970-01-01 00:00:01+00:00,1970-01-01 00:00:01+00:00,359.72423629760743,385.2293768282536,385.2653492518833,179.98090089896002,4583.504777230843,2.003946606118554,stop_loss,2290.6988420971434
MU,1970-01-01 00:00:01+00:00,1970-01-01 00:00:01+00:00,373.34986986432756,385.2280142648969,385.2653492518833,164.50096297721294,1947.6291543448085,0.8530241444785958,stop_loss,2290.6340986050195
MU,1970-01-01 00:00:01+00:00,1970-01-01 00:00:01+00:00,403.222569165911,384.65550152150837,384.69582377842494,122.38506117502284,-2277.0393182095063,-1.0021764349902387,stop_loss,2267.3968676215554
MU,1970-01-01 00:00:01+00:00,1970-01-01 00:00:01+00:00,396.5572267804828,427.2899929764012,427.32964869907926,124.47545892298457,3820.15646441284,1.687089843778023,stop_loss,2267.499380852811
MU,1970-01-01 00:00:01+00:00,1970-01-01 00:00:01+00:00,398.1561752319336,427.2898330815561,427.32964869907926,133.4943214984353,3883.473810767875,1.7152209991194902,stop_loss,2267.4500192100186
MU,1970-01-01 00:00:01+00:00,1970-01-01 00:00:01+00:00,430.87851856776643,414.6797638196345,414.7228516714913,142.97698016223598,-2321.978002313117,-1.002667042600806,stop_loss,2309.8884653364225
