Datetime,Close,High,Low,Open,Volume
2025-12-02 14:30:00+00:00,289.3516540527344,293.0,286.0899963378906,291.2266540527344,16672
2025-12-02 15:30:00+00:00,289.9533386230469,291.6666564941406,288.239990234375,289.1116638183594,13894
2025-12-02 16:30:00+00:00,288.75,290.10333251953125,286.9666748046875,290.10333251953125,14458
2025-12-02 17:30:00+00:00,288.52667236328125,289.4216613769531,287.2966613769531,289.4216613769531,8968
2025-12-02 18:30:00+00:00,285.9266662597656,288.0366516113281,284.19000244140625,288.0366516113281,8085
2025-12-02 19:30:00+00:00,287.7699890136719,288.0950012207031,285.4033508300781,286.27667236328125,12139
2025-12-02 20:30:00+00:00,288.239990234375,288.239990234375,287.1266784667969,287.6933288574219,16257
2025-12-03 14:30:00+00:00,289.0716857910156,290.4933166503906,287.9166564941406,289.8333435058594,7379
2025-12-03 15:30:00+00:00,293.8899841308594,293.89666748046875,289.80999755859375,289.80999755859375,8098
2025-12-03 16:30:00+00:00,298.0299987792969,298.0666809082031,294.38916015625,294.4574890136719,10720
2025-12-03 17:30:00+00:00,299.63665771484375,300.0,297.32000732421875,298.1566467285156,14898
2025-12-03 18:30:00+00:00,300.1716613769531,300.6816711425781,298.6650085449219,299.9966735839844,11796
2025-12-03 19:30:00+00:00,305.1600036621094,305.1600036621094,300.2200012207031,300.2200012207031,27946
2025-12-03 20:30:00+00:00,305.0033264160156,306.1700134277344,304.2749938964844,305.4966735839844,22999
2025-12-04 14:30:00+00:00,303.6499938964844,305.8299865722656,299.3933410644531,302.0566711425781,9735
2025-12-04 15:30:00+00:00,305.82666015625,305.82666015625,302.3833312988281,302.5333251953125,10213
2025-12-04 16:30:00+00:00,303.703369140625,306.4066467285156,303.27667236328125,305.7476501464844,14750
2025-12-04 17:30:00+00:00,306.0,306.0,303.78289794921875,304.3766784667969,6869
2025-12-04 18:30:00+00:00,306.55999755859375,307.27667236328125,305.9700012207031,306.0283508300781,8054
2025-12-04 19:30:00+00:00,307.48333740234375,307.67333984375,306.1484680175781,306.38665771484375,9487
2025-12-04 20:30:00+00:00,306.76666259765625,307.9850158691406,306.038330078125,307.9433288574219,20479
2025-12-05 14:30:00+00:00,307.3299865722656,310.5633239746094,303.64666748046875,303.8999938964844,12724
2025-12-05 15:30:00+00:00,309.3433532714844,310.7478942871094,306.0333557128906,308.8833312988281,6861
2025-12-05 16:30:00+00:00,307.5133361816406,309.8133239746094,307.5133361816406,309.77667236328125,7385
2025-12-05 17:30:00+00:00,309.9908142089844,310.1700134277344,307.9716491699219,308.7033386230469,8613
2025-12-05 18:30:00+00:00,309.8333435058594,311.4872131347656,308.8302001953125,310.1666564941406,9479
2025-12-05 19:30:00+00:00,310.9566650390625,310.9566650390625,309.1100158691406,309.5933532714844,11297
2025-12-05 20:30:00+00:00,308.6300048828125,311.32666015625,307.9533386230469,310.81329345703125,20112
2025-12-08 14:30:00+00:00,304.6737976074219,308.2488708496094,303.3333435058594,305.0199890136719,8627
2025-12-08 15:30:00+00:00,303.0066833496094,305.0849914550781,302.3083190917969,305.0849914550781,9112
2025-12-08 16:30:00+00:00,298.9166564941406,303.2533264160156,298.070068359375,303.2433166503906,16529
2025-12-08 17:30:00+00:00,299.3299865722656,300.3466491699219,298.9305725097656,298.9305725097656,9624
2025-12-08 18:30:00+00:00,299.4416809082031,301.6566467285156,298.0733337402344,299.82666015625,17953
2025-12-08 19:30:00+00:00,299.7300109863281,300.64349365234375,299.0733337402344,299.60333251953125,12025
2025-12-08 20:30:00+00:00,301.4666748046875,302.2033386230469,298.14666748046875,299.60333251953125,39138
2025-12-09 14:30:00+00:00,301.20166015625,304.1637268066406,300.0733337402344,301.3333435058594,4440
2025-12-09 15:30:00+00:00,297.4800109863281,301.0799865722656,296.6772155761719,301.0799865722656,12160
2025-12-09 16:30:00+00:00,297.086669921875,297.6845397949219,295.8666687011719,297.6845397949219,8178
2025-12-09 17:30:00+00:00,296.260009765625,297.086669921875,294.5966491699219,297.086669921875,6638
2025-12-09 18:30:00+00:00,294.3899841308594,296.3333435058594,293.8233337402344,296.3333435058594,6130
2025-12-09 19:30:00+00:00,294.1233215332031,295.0400085449219,293.39666748046875,294.6566467285156,7734
2025-12-09 20:30:00+00:00,293.3416748046875,294.010009765625,291.89666748046875,293.6666564941406,21450
2025-12-10 14:30:00+00:00,289.3699951171875,293.8133239746094,287.7916564941406,293.3399963378906,23238
2025-12-10 15:30:00+00:00,293.2933349609375,293.6966857910156,287.9100036621094,288.95166015625,16155
2025-12-10 16:30:00+00:00,290.4908142089844,292.3333435058594,289.7449951171875,292.3333435058594,11289
2025-12-10 17:30:00+00:00,293.6000061035156,293.6000061035156,290.4916687011719,290.4916687011719,7587
2025-12-10 18:30:00+00:00,293.9116516113281,293.9116516113281,291.8433532714844,293.6433410644531,9679
2025-12-10 19:30:00+00:00,295.80999755859375,296.7300109863281,293.4850158691406,293.8550109863281,17168
2025-12-10 20:30:00+00:00,297.5133361816406,297.7900085449219,296.1000061035156,296.3299865722656,39827
2025-12-11 14:30:00+00:00,293.6683654785156,298.8466491699219,292.0758361816406,295.05999755859375,13080
2025-12-11 15:30:00+00:00,292.5,294.25,291.9933166503906,293.072509765625,12402
2025-12-11 16:30:00+00:00,294.8299865722656,295.3783264160156,292.5,292.5,7147
2025-12-11 17:30:00+00:00,293.6381530761719,295.3733215332031,293.6381530761719,295.0333251953125,7281
2025-12-11 18:30:00+00:00,296.2900085449219,296.2900085449219,293.13665771484375,293.5,9201
2025-12-11 19:30:00+00:00,295.8833312988281,297.5308532714844,295.6700134277344,296.6666564941406,10818
2025-12-11 20:30:00+00:00,297.0299987792969,297.0433349609375,294.614990234375,295.2033386230469,19756
2025-12-12 14:30:00+00:00,295.5366516113281,298.85333251953125,295.3766784667969,298.4599914550781,8499
2025-12-12 15:30:00+00:00,290.14666748046875,295.39044189453125,289.27667236328125,294.9966735839844,13211
2025-12-12 16:30:00+00:00,288.5833435058594,290.26165771484375,288.1216735839844,290.1291809082031,15508
2025-12-12 17:30:00+00:00,284.5749816894531,289.2799987792969,284.5749816894531,289.2799987792969,18202
2025-12-12 18:30:00+00:00,282.2966613769531,285.2166748046875,280.85333251953125,284.5199890136719,21760
2025-12-12 19:30:00+00:00,280.57666015625,282.5299987792969,280.10333251953125,282.2966613769531,25481
2025-12-12 20:30:00+00:00,279.6616516113281,282.1166687011719,278.4850158691406,280.52667236328125,37572
2025-12-15 14:30:00+00:00,271.8333435058594,281.97540283203125,271.4700012207031,281.5566711425781,31142
2025-12-15 15:30:00+00:00,274.1600036621094,275.6533508300781,270.66680908203125,271.5233459472656,21599
2025-12-15 16:30:00+00:00,272.3299865722656,274.6650085449219,271.5333251953125,274.1533508300781,13558
2025-12-15 17:30:00+00:00,274.32666015625,275.739990234375,271.4499816894531,272.2699890136719,26683
2025-12-15 18:30:00+00:00,276.1383361816406,276.6666564941406,273.7466735839844,274.14666748046875,28837
2025-12-15 19:30:00+00:00,278.3666687011719,279.51666259765625,276.086669921875,276.2033386230469,19399
2025-12-15 20:30:00+00:00,279.8766784667969,280.69000244140625,278.3699951171875,278.4933166503906,25901
2025-12-16 14:30:00+00:00,273.5733337402344,278.3133239746094,272.8666687011719,278.2633361816406,14913
2025-12-16 15:30:00+00:00,273.77166748046875,275.4150085449219,272.6666564941406,274.163330078125,13501
2025-12-16 16:30:00+00:00,273.2216491699219,275.1022644042969,271.7933349609375,273.77166748046875,22389
2025-12-16 17:30:00+00:00,270.049560546875,273.2216491699219,269.23333740234375,273.2216491699219,41215
2025-12-16 18:30:00+00:00,271.32666015625,271.7366638183594,270.336669921875,270.6066589355469,20305
2025-12-16 19:30:00+00:00,272.8500061035156,272.8933410644531,270.524658203125,271.3083190917969,17912
2025-12-16 20:30:00+00:00,273.510009765625,274.1783142089844,272.5516662597656,272.7891540527344,27316
2025-12-17 14:30:00+00:00,294.22332763671875,294.4200134277344,276.4633483886719,278.3333435058594,42109
2025-12-17 15:30:00+00:00,291.3550109863281,297.3332824707031,291.3550109863281,293.7833251953125,32756
2025-12-17 16:30:00+00:00,287.9466857910156,292.9599914550781,287.9466857910156,290.72332763671875,25336
2025-12-17 17:30:00+00:00,290.6966857910156,291.38665771484375,285.6216735839844,287.48333740234375,20977
2025-12-17 18:30:00+00:00,292.7900085449219,293.5229187011719,290.26959228515625,290.26959228515625,17905
2025-12-17 19:30:00+00:00,294.1766662597656,295.01666259765625,291.7166748046875,292.9007263183594,30185
2025-12-17 20:30:00+00:00,294.5733337402344,297.13665771484375,293.7700500488281,294.17999267578125,42138
2025-12-18 14:30:00+00:00,300.7933349609375,302.1533508300781,295.3166809082031,296.88665771484375,31299
2025-12-18 15:30:00+00:00,301.4433288574219,302.3333435058594,298.8283386230469,300.336669921875,24228
2025-12-18 16:30:00+00:00,303.0833435058594,305.7099914550781,300.6666564941406,301.4433288574219,34873
2025-12-18 17:30:00+00:00,303.2002258300781,304.55999755859375,300.75,303.2083435058594,18223
2025-12-18 18:30:00+00:00,300.9933166503906,306.1666564941406,300.9933166503906,303.1999816894531,27138
2025-12-18 19:30:00+00:00,300.2933349609375,302.0500183105469,299.2866516113281,302.010009765625,26368
2025-12-18 20:30:00+00:00,298.8666687011719,300.8166809082031,298.3333435058594,300.2916564941406,42868
2025-12-19 14:30:00+00:00,297.6666564941406,303.7683410644531,297.100341796875,299.94000244140625,50043
2025-12-19 15:30:00+00:00,298.4236755371094,300.67333984375,297.2966613769531,298.2699890136719,15558
2025-12-19 16:30:00+00:00,299.510009765625,300.5050048828125,298.9100036621094,299.7133483886719,11321
2025-12-19 17:30:00+00:00,300.02166748046875,300.7266540527344,298.6666564941406,299.4433288574219,8856
2025-12-19 18:30:00+00:00,299.85333251953125,300.2066650390625,299.2316589355469,300.0,9698
2025-12-19 19:30:00+00:00,300.1600036621094,301.8299865722656,299.510009765625,299.5133361816406,12355
2025-12-19 20:30:00+00:00,299.9166564941406,300.22332763671875,298.43499755859375,300.0,20953
2025-12-22 14:30:00+00:00,308.5350036621094,309.98333740234375,303.5,304.0,28578
2025-12-22 15:30:00+00:00,307.614990234375,308.4583435058594,306.9100036621094,308.3699951171875,11030
2025-12-22 16:30:00+00:00,307.3666687011719,308.27667236328125,306.6667175292969,307.614990234375,10236
2025-12-22 17:30:00+00:00,308.5033264160156,308.6333312988281,307.0799865722656,307.0799865722656,7204
2025-12-22 18:30:00+00:00,305.8399963378906,308.5340881347656,305.0133361816406,308.5199890136719,8578
2025-12-22 19:30:00+00:00,303.2633361816406,306.4850158691406,302.8733215332031,305.8399963378906,24384
2025-12-22 20:30:00+00:00,302.80999755859375,304.6683349609375,302.3333435058594,304.4166564941406,25223
2025-12-23 14:30:00+00:00,302.05999755859375,310.44000244140625,298.75,305.4800109863281,45170
2025-12-23 15:30:00+00:00,295.70001220703125,303.1700134277344,295.70001220703125,302.3999938964844,28588
2025-12-23 16:30:00+00:00,296.0,297.760009765625,295.2900085449219,295.8500061035156,25621
2025-12-23 17:30:00+00:00,297.2900085449219,298.4549865722656,295.1199951171875,295.5299987792969,28640
2025-12-23 18:30:00+00:00,296.8800048828125,298.6300048828125,296.0,297.1300048828125,23380
2025-12-23 19:30:00+00:00,297.8900146484375,299.42999267578125,294.864990234375,296.70001220703125,37595
2025-12-23 20:30:00+00:00,297.5299987792969,299.20001220703125,297.19000244140625,297.32501220703125,45999
2025-12-24 14:30:00+00:00,296.25,299.55999755859375,291.0,298.2200012207031,36755
2025-12-24 15:30:00+00:00,296.17498779296875,296.4800109863281,293.614990234375,295.2200927734375,17421
2025-12-24 16:30:00+00:00,296.5,296.81500244140625,295.1700134277344,295.739990234375,21300
2025-12-26 14:30:00+00:00,286.1549987792969,294.1199951171875,283.0,294.1199951171875,67088
2025-12-26 15:30:00+00:00,284.7933044433594,286.7300109863281,283.2300109863281,286.1549987792969,30935
2025-12-26 16:30:00+00:00,285.2300109863281,285.4200134277344,283.489990234375,284.75,25014
2025-12-26 17:30:00+00:00,286.55499267578125,286.6000061035156,283.92498779296875,285.42999267578125,28804
2025-12-26 18:30:00+00:00,285.95001220703125,287.33990478515625,285.79998779296875,286.7300109863281,22297
2025-12-26 19:30:00+00:00,287.30999755859375,288.1199035644531,285.6099853515625,286.1700134277344,29969
2025-12-26 20:30:00+00:00,287.3599853515625,288.0299987792969,286.7200012207031,287.19000244140625,45213
2025-12-29 14:30:00+00:00,293.0,295.1300048828125,289.4949951171875,290.0,52691
2025-12-29 15:30:00+00:00,293.8299865722656,294.79998779296875,292.0899963378906,292.95001220703125,27148
2025-12-29 16:30:00+00:00,292.94000244140625,294.6400146484375,292.94000244140625,294.1700134277344,18049
2025-12-29 17:30:00+00:00,293.29998779296875,293.9898986816406,291.6612854003906,292.9700012207031,19575
2025-12-29 18:30:00+00:00,294.92999267578125,294.92999267578125,292.533203125,293.6600036621094,21923
2025-12-29 19:30:00+00:00,295.07000732421875,295.9200134277344,294.4800109863281,294.82501220703125,26180
2025-12-29 20:30:00+00:00,294.6600036621094,295.1199951171875,292.8599853515625,294.7699890136719,47645
2025-12-30 14:30:00+00:00,293.70001220703125,298.0,293.70001220703125,296.9700012207031,30047
2025-12-30 15:30:00+00:00,293.82000732421875,294.6700134277344,292.239990234375,294.3999938964844,26102
2025-12-30 16:30:00+00:00,292.6400146484375,293.95989990234375,292.05999755859375,293.260009765625,25434
2025-12-30 17:30:00+00:00,293.3399963378906,293.7349853515625,292.3450012207031,292.3450012207031,17246
2025-12-30 18:30:00+00:00,295.489013671875,295.489013671875,293.1499938964844,293.29998779296875,16951
2025-12-30 19:30:00+00:00,294.6700134277344,296.2250061035156,294.6199951171875,295.2850036621094,29699
2025-12-30 20:30:00+00:00,292.6700134277344,295.389892578125,292.6700134277344,294.6600036621094,39786
2025-12-31 14:30:00+00:00,288.75,293.2250061035156,288.6300048828125,291.69000244140625,29881
2025-12-31 15:30:00+00:00,288.010009765625,289.6700134277344,287.1700134277344,288.75,23140
2025-12-31 16:30:00+00:00,287.6300048828125,288.0,286.75,287.79998779296875,23272
2025-12-31 17:30:00+00:00,287.7650146484375,288.6600036621094,287.35009765625,287.9599914550781,20379
2025-12-31 18:30:00+00:00,288.05999755859375,288.5,287.25,287.7099914550781,23672
2025-12-31 19:30:00+00:00,286.7049865722656,288.3599853515625,286.5199890136719,287.8500061035156,28609
2025-12-31 20:30:00+00:00,287.2300109863281,288.0,286.44000244140625,286.7049865722656,57487
2026-01-02 14:30:00+00:00,285.1199951171875,287.010009765625,280.95001220703125,286.0,46973
2026-01-02 15:30:00+00:00,290.7749938964844,291.0400085449219,284.69000244140625,285.1199951171875,45375
2026-01-02 16:30:00+00:00,291.75,292.614990234375,290.4599914550781,290.7550048828125,32136
2026-01-02 17:30:00+00:00,292.3399963378906,293.3999938964844,291.7699890136719,292.0,28269
2026-01-02 18:30:00+00:00,295.510009765625,295.510009765625,292.2749938964844,292.5899963378906,27267
2026-01-02 19:30:00+00:00,296.32000732421875,297.58990478515625,295.18011474609375,295.9200134277344,44964
2026-01-02 20:30:00+00:00,297.82000732421875,298.2699890136719,295.6099853515625,296.32000732421875,68151
2026-01-05 14:30:00+00:00,296.1736145019531,307.43499755859375,293.1449890136719,306.9100036621094,68440
2026-01-05 15:30:00+00:00,295.6300048828125,298.67999267578125,294.0,296.0350036621094,58816
2026-01-05 16:30:00+00:00,294.95001220703125,295.82000732421875,292.5299987792969,295.7449951171875,40157
2026-01-05 17:30:00+00:00,295.67999267578125,296.7300109863281,294.875,295.30999755859375,43370
2026-01-05 18:30:00+00:00,295.0000915527344,296.1400146484375,295.0000915527344,295.8500061035156,41840
2026-01-05 19:30:00+00:00,295.57000732421875,296.79998779296875,295.05999755859375,295.2900085449219,62016
2026-01-05 20:30:00+00:00,297.6499938964844,299.2900085449219,295.4800109863281,295.489990234375,105209
2026-01-06 14:30:00+00:00,300.2099914550781,301.7218933105469,295.8299865722656,298.0,43145
2026-01-06 15:30:00+00:00,294.1700134277344,300.010009765625,294.0799865722656,300.010009765625,39578
2026-01-06 16:30:00+00:00,292.5400085449219,292.67999267578125,290.3550109863281,292.32000732421875,50474
2026-01-06 17:30:00+00:00,292.3504943847656,292.739990234375,290.0,292.2300109863281,23740
2026-01-06 18:30:00+00:00,293.3900146484375,293.5299987792969,292.32000732421875,292.6700134277344,35173
2026-01-06 19:30:00+00:00,294.7900085449219,295.5400085449219,293.1400146484375,293.3599853515625,32812
2026-01-06 20:30:00+00:00,293.82000732421875,295.2900085449219,293.6199951171875,294.9100036621094,70801
2026-01-07 14:30:00+00:00,285.7650146484375,294.3599853515625,285.1109924316406,293.79998779296875,30126
2026-01-07 15:30:00+00:00,287.6346130371094,287.9700012207031,284.1400146484375,285.5899963378906,37120
2026-01-07 16:30:00+00:00,284.8500061035156,288.3550109863281,284.8500061035156,287.6549987792969,21290
2026-01-07 17:30:00+00:00,284.20001220703125,285.4800109863281,284.20001220703125,284.8299865722656,20306
2026-01-07 18:30:00+00:00,286.4800109863281,286.6199951171875,284.3055114746094,284.3055114746094,20091
2026-01-07 19:30:00+00:00,283.32501220703125,286.70001220703125,282.3999938964844,286.4599914550781,44254
2026-01-07 20:30:00+00:00,281.3800048828125,283.25,281.3800048828125,283.239990234375,55265
2026-01-08 14:30:00+00:00,288.95001220703125,289.4978942871094,281.0,281.0,25633
2026-01-08 15:30:00+00:00,293.9999084472656,293.9999084472656,286.8299865722656,288.4200134277344,41726
2026-01-08 16:30:00+00:00,294.3949890136719,294.8800048828125,293.0950012207031,293.3999938964844,21883
2026-01-08 17:30:00+00:00,297.3700866699219,298.0299987792969,294.6600036621094,294.6600036621094,24122
2026-01-08 18:30:00+00:00,301.0459899902344,301.760009765625,297.6300048828125,298.0150146484375,32005
2026-01-08 19:30:00+00:00,303.05999755859375,305.80999755859375,299.57000732421875,301.1700134277344,110874
2026-01-08 20:30:00+00:00,302.9700012207031,304.25,301.20001220703125,303.3599853515625,77648
2026-01-09 14:30:00+00:00,307.739990234375,310.25,305.9800109863281,307.0,64925
2026-01-09 15:30:00+00:00,309.7099914550781,310.67999267578125,306.5600891113281,307.3800048828125,34921
2026-01-09 16:30:00+00:00,313.375,314.7250061035156,309.7799987792969,310.0899963378906,46814
2026-01-09 17:30:00+00:00,312.8800048828125,314.3399963378906,311.54998779296875,313.8800048828125,27548
2026-01-09 18:30:00+00:00,312.7298889160156,313.2049865722656,312.2200012207031,313.17999267578125,24278
2026-01-09 19:30:00+00:00,314.17999267578125,314.20001220703125,311.8399963378906,312.010009765625,34943
2026-01-09 20:30:00+00:00,311.8800048828125,314.7749938964844,311.07000732421875,314.29998779296875,101599
2026-01-12 14:30:00+00:00,311.2749938964844,314.78900146484375,308.6099853515625,312.0,26108
2026-01-12 15:30:00+00:00,313.1499938964844,313.3999938964844,308.6000061035156,311.2749938964844,27376
2026-01-12 16:30:00+00:00,313.1499938964844,314.1199951171875,312.69000244140625,313.30999755859375,16223
2026-01-12 17:30:00+00:00,314.010009765625,314.4100036621094,313.07000732421875,313.07000732421875,16068
2026-01-12 18:30:00+00:00,312.54998779296875,314.1700134277344,312.54998779296875,313.989990234375,20372
2026-01-12 19:30:00+00:00,311.3399963378906,312.75,309.8500061035156,312.75,25155
2026-01-12 20:30:00+00:00,310.0799865722656,312.17999267578125,309.8500061035156,311.5350036621094,54722
2026-01-13 14:30:00+00:00,319.510009765625,325.55499267578125,313.6000061035156,315.0,44983
2026-01-13 15:30:00+00:00,318.3575134277344,323.1799011230469,317.6199951171875,320.0,31927
2026-01-13 16:30:00+00:00,316.4700012207031,319.0249938964844,315.2900085449219,318.2749938964844,20106
2026-01-13 17:30:00+00:00,320.06500244140625,320.409912109375,316.760009765625,316.7699890136719,19416
2026-01-13 18:30:00+00:00,323.25,325.20001220703125,320.42999267578125,320.42999267578125,51285
2026-01-13 19:30:00+00:00,322.6600036621094,324.7099914550781,322.44000244140625,323.05999755859375,33603
2026-01-13 20:30:00+00:00,321.739990234375,322.7300109863281,320.860107421875,322.4599914550781,54504
2026-01-14 14:30:00+00:00,326.25,330.0,322.760009765625,323.3599853515625,36285
2026-01-14 15:30:00+00:00,330.7449951171875,330.7550048828125,325.8699951171875,326.6159973144531,29775
2026-01-14 16:30:00+00:00,329.0249938964844,331.4800109863281,327.5249938964844,330.94000244140625,36344
2026-01-14 17:30:00+00:00,329.8550109863281,330.2799987792969,328.05010986328125,329.0249938964844,20432
2026-01-14 18:30:00+00:00,329.9800109863281,330.1400146484375,327.6200866699219,330.07501220703125,22666
2026-01-14 19:30:00+00:00,327.9700012207031,332.79998779296875,327.2300109863281,330.32000732421875,44268
2026-01-14 20:30:00+00:00,327.010009765625,329.510009765625,325.885009765625,328.3500061035156,59511
2026-01-15 14:30:00+00:00,327.7699890136719,327.8699951171875,320.5332946777344,325.0400085449219,25618
2026-01-15 15:30:00+00:00,330.4100036621094,331.1549987792969,326.9800109863281,327.92999267578125,35072
2026-01-15 16:30:00+00:00,330.0,330.25,328.2651062011719,330.0,17345
2026-01-15 17:30:00+00:00,330.389892578125,331.3599853515625,329.2900085449219,329.8800048828125,14345
2026-01-15 18:30:00+00:00,330.67999267578125,330.9200134277344,328.93499755859375,330.5400085449219,11995
2026-01-15 19:30:00+00:00,329.8399963378906,331.9999084472656,329.43499755859375,331.0199890136719,28235
2026-01-15 20:30:00+00:00,331.0400085449219,331.3399963378906,329.7349853515625,329.7799987792969,41582
2026-01-16 14:30:00+00:00,329.0799865722656,332.0299987792969,328.5,330.7900085449219,56472
2026-01-16 15:30:00+00:00,328.4849853515625,329.1300048828125,325.55999755859375,328.4700012207031,28842
2026-01-16 16:30:00+00:00,329.6400146484375,330.25,328.489990234375,328.489990234375,13930
2026-01-16 17:30:00+00:00,331.19000244140625,331.4100036621094,329.3399963378906,329.8599853515625,15474
2026-01-16 18:30:00+00:00,331.44500732421875,333.3299865722656,331.3900146484375,331.3900146484375,20918
2026-01-16 19:30:00+00:00,334.7699890136719,334.7699890136719,330.5199890136719,331.44500732421875,26999
2026-01-16 20:30:00+00:00,337.510009765625,338.5199890136719,334.6300048828125,334.69000244140625,99588
2026-01-20 14:30:00+00:00,336.3599853515625,355.9800109863281,333.2900085449219,354.42999267578125,101307
2026-01-20 15:30:00+00:00,335.1050109863281,337.9200134277344,333.5150146484375,336.4649963378906,33147
2026-01-20 16:30:00+00:00,334.95001220703125,338.0,334.364990234375,335.17999267578125,26006
2026-01-20 17:30:00+00:00,333.75,335.07000732421875,332.7882995605469,334.95001220703125,17908
2026-01-20 18:30:00+00:00,331.67999267578125,333.6300048828125,330.2974853515625,333.4150085449219,20998
2026-01-20 19:30:00+00:00,330.3399963378906,331.9457092285156,329.5,331.1400146484375,41681
2026-01-20 20:30:00+00:00,327.8500061035156,330.6300048828125,327.5928955078125,330.239990234375,62652
2026-01-21 14:30:00+00:00,338.7300109863281,340.8998107910156,331.29998779296875,331.29998779296875,48523
2026-01-21 15:30:00+00:00,344.3699951171875,345.20001220703125,339.67999267578125,339.67999267578125,61892
2026-01-21 16:30:00+00:00,338.8599853515625,345.1000061035156,337.125,344.2200012207031,67548
2026-01-21 17:30:00+00:00,339.3900146484375,339.989990234375,336.9200134277344,338.3800048828125,25345
2026-01-21 18:30:00+00:00,345.2950134277344,345.78009033203125,340.1899108886719,341.489990234375,63917
2026-01-21 19:30:00+00:00,347.2300109863281,347.2749938964844,343.5199890136719,344.9100036621094,51077
2026-01-21 20:30:00+00:00,346.4700012207031,348.0,345.67999267578125,347.5350036621094,78940
2026-01-22 14:30:00+00:00,347.6700134277344,347.989990234375,342.3700866699219,344.5899963378906,44827
2026-01-22 15:30:00+00:00,346.55999755859375,351.9599914550781,345.7256774902344,347.7200012207031,42592
2026-01-22 16:30:00+00:00,344.82000732421875,346.989990234375,343.70001220703125,346.7749938964844,36085
2026-01-22 17:30:00+00:00,344.70001220703125,345.8500061035156,343.82000732421875,345.1099853515625,41111
2026-01-22 18:30:00+00:00,346.32000732421875,346.6199951171875,344.57000732421875,345.0299987792969,31277
2026-01-22 19:30:00+00:00,345.010009765625,347.5,344.5050048828125,346.57000732421875,38488
2026-01-22 20:30:00+00:00,345.5899963378906,346.20001220703125,344.17999267578125,345.0,64877
2026-01-23 14:30:00+00:00,353.1650085449219,354.6600036621094,349.489990234375,349.5199890136719,36394
2026-01-23 15:30:00+00:00,352.6000061035156,358.2099914550781,350.239990234375,353.04998779296875,81261
2026-01-23 16:30:00+00:00,351.3399963378906,354.2799987792969,351.0400085449219,352.5242004394531,40463
2026-01-23 17:30:00+00:00,348.1724853515625,352.2998962402344,347.8299865722656,351.75,40161
2026-01-23 18:30:00+00:00,347.07000732421875,348.5,346.8699951171875,348.2149963378906,29255
2026-01-23 19:30:00+00:00,347.3949890136719,348.1300048828125,344.5199890136719,347.0849914550781,45935
2026-01-23 20:30:00+00:00,346.9100036621094,348.489990234375,346.4200134277344,347.3900146484375,67546
2026-01-26 14:30:00+00:00,340.4833068847656,352.69000244140625,338.5,351.0400085449219,25513
2026-01-26 15:30:00+00:00,341.635009765625,343.19500732421875,339.80499267578125,340.8999938964844,32059
2026-01-26 16:30:00+00:00,343.5950012207031,344.75,341.07501220703125,341.6300048828125,24636
2026-01-26 17:30:00+00:00,342.1199951171875,343.8500061035156,341.6499938964844,343.8500061035156,17645
2026-01-26 18:30:00+00:00,342.8900146484375,343.9700012207031,341.5799865722656,342.54998779296875,18225
2026-01-26 19:30:00+00:00,343.3699951171875,343.3900146484375,341.3999938964844,343.07501220703125,35035
2026-01-26 20:30:00+00:00,341.8399963378906,343.94000244140625,341.3599853515625,343.3503112792969,53461
2026-01-27 14:30:00+00:00,338.7449951171875,346.5398864746094,338.7449951171875,341.75,31305
2026-01-27 15:30:00+00:00,337.0299987792969,339.2699890136719,336.3900146484375,338.7449951171875,25248
2026-01-27 16:30:00+00:00,339.29998779296875,339.29998779296875,336.80999755859375,336.80999755859375,21939
2026-01-27 17:30:00+00:00,339.9649963378906,341.07000732421875,338.81500244140625,339.1600036621094,15249
2026-01-27 18:30:00+00:00,343.4849853515625,343.614990234375,339.7900085449219,339.7900085449219,20483
2026-01-27 19:30:00+00:00,343.94500732421875,344.2900085449219,342.20001220703125,343.5849914550781,27131
2026-01-27 20:30:00+00:00,345.385009765625,345.98699951171875,343.57000732421875,343.6700134277344,56805
2026-01-28 14:30:00+00:00,346.9100036621094,351.8399963378906,344.47039794921875,351.010009765625,32961
2026-01-28 15:30:00+00:00,348.7799987792969,349.7300109863281,346.04998779296875,346.04998779296875,24105
2026-01-28 16:30:00+00:00,351.3800048828125,351.8399963378906,348.7699890136719,349.32000732421875,24113
2026-01-28 17:30:00+00:00,350.55999755859375,351.3500061035156,348.5050048828125,350.82000732421875,18521
2026-01-28 18:30:00+00:00,351.20001220703125,353.07000732421875,350.1099853515625,350.8299865722656,34398
2026-01-28 19:30:00+00:00,356.4186096191406,356.45001220703125,349.0,350.94500732421875,53769
2026-01-28 20:30:00+00:00,354.8699951171875,357.17999267578125,353.3550109863281,356.1449890136719,74888
2026-01-29 14:30:00+00:00,355.8999938964844,372.80499267578125,355.8999938964844,363.239990234375,53214
2026-01-29 15:30:00+00:00,356.5799865722656,357.20001220703125,350.2900085449219,356.75,39244
2026-01-29 16:30:00+00:00,357.75,359.260009765625,355.70001220703125,356.8999938964844,28858
2026-01-29 17:30:00+00:00,357.1199951171875,358.2900085449219,351.4750061035156,358.0199890136719,28820
2026-01-29 18:30:00+00:00,358.29998779296875,358.9100036621094,354.5150146484375,356.79998779296875,24903
2026-01-29 19:30:00+00:00,352.75,357.9800109863281,351.3500061035156,357.9800109863281,50720
2026-01-29 20:30:00+00:00,353.19000244140625,354.0199890136719,351.2099914550781,352.6300048828125,74701
2026-01-30 14:30:00+00:00,342.7300109863281,352.0,341.239990234375,349.6099853515625,48138
2026-02-02 18:30:00+00:00,344.0400085449219,344.5150146484375,340.8800048828125,342.1893005371094,107977
2026-02-02 19:30:00+00:00,339.9599914550781,344.239990234375,339.3299865722656,343.5299987792969,51208
2026-02-02 20:30:00+00:00,336.6300048828125,339.8299865722656,336.3399963378906,339.80999755859375,65207
2026-02-03 14:30:00+00:00,341.5050048828125,343.25750732421875,332.010009765625,335.0,43814
2026-02-03 15:30:00+00:00,336.0,341.6936950683594,335.5199890136719,341.6400146484375,35647
2026-02-03 16:30:00+00:00,334.69500732421875,337.2799987792969,334.5697937011719,336.07000732421875,37338
2026-02-03 17:30:00+00:00,328.55999755859375,335.8949890136719,328.55999755859375,334.79998779296875,44925
2026-02-03 18:30:00+00:00,327.4700012207031,330.94000244140625,327.2699890136719,329.3599853515625,56391
2026-02-03 19:30:00+00:00,335.55999755859375,336.3599853515625,326.67999267578125,327.9100036621094,43373
2026-02-03 20:30:00+00:00,336.2099914550781,337.510009765625,335.6000061035156,336.1799011230469,61341
2026-02-04 14:30:00+00:00,345.8599853515625,345.8599853515625,335.04998779296875,335.04998779296875,47202
2026-02-04 15:30:00+00:00,343.1449890136719,348.1000061035156,340.8800048828125,344.9800109863281,45471
2026-02-04 16:30:00+00:00,343.5249938964844,344.8500061035156,341.7300109863281,343.7099914550781,26714
2026-02-04 17:30:00+00:00,340.1600036621094,346.9599914550781,335.7900085449219,344.1600036621094,51721
2026-02-04 18:30:00+00:00,343.9800109863281,343.9800109863281,338.8699951171875,339.8651123046875,30914
2026-02-04 19:30:00+00:00,344.6099853515625,348.2799987792969,343.2300109863281,344.5299987792969,56905
2026-02-04 20:30:00+00:00,346.4599914550781,347.7300109863281,344.92999267578125,344.92999267578125,59422
2026-02-05 14:30:00+00:00,338.6400146484375,347.989990234375,338.0249938964844,346.4100036621094,53899
2026-02-05 15:30:00+00:00,340.4599914550781,341.2099914550781,336.2900085449219,338.5899963378906,52502
2026-02-05 16:30:00+00:00,342.3999938964844,343.1600036621094,339.4949951171875,340.489990234375,26622
2026-02-05 17:30:00+00:00,340.5199890136719,343.2200012207031,339.6000061035156,342.29998779296875,19512
2026-02-05 18:30:00+00:00,345.8699951171875,347.3900146484375,340.80999755859375,340.80999755859375,70259
2026-02-05 19:30:00+00:00,345.1199951171875,346.8299865722656,344.7300109863281,345.8800048828125,25007
2026-02-05 20:30:00+00:00,345.0400085449219,346.19000244140625,342.8900146484375,345.3599853515625,40633
2026-02-06 14:30:00+00:00,358.1099853515625,359.0299987792969,347.67498779296875,349.67999267578125,87602
2026-02-06 15:30:00+00:00,357.0799865722656,360.94000244140625,357.0799865722656,358.989990234375,42299
2026-02-06 16:30:00+00:00,359.3999938964844,361.9200134277344,357.0299987792969,357.3299865722656,36276
2026-02-06 17:30:00+00:00,362.6199951171875,363.5199890136719,358.93499755859375,359.9200134277344,46717
2026-02-06 18:30:00+00:00,363.2300109863281,364.4150085449219,362.4150085449219,362.6300048828125,33435
2026-02-06 19:30:00+00:00,363.739990234375,363.8800048828125,362.05999755859375,363.4800109863281,47867
2026-02-06 20:30:00+00:00,366.1000061035156,366.64990234375,363.05999755859375,363.739990234375,92288
2026-02-09 14:30:00+00:00,367.6499938964844,374.2300109863281,365.9801025390625,367.1099853515625,94988
2026-02-09 15:30:00+00:00,369.20001220703125,370.2099914550781,367.635009765625,367.79998779296875,80585
2026-02-09 16:30:00+00:00,372.1099853515625,372.45001220703125,368.6099853515625,368.9849853515625,35210
2026-02-09 17:30:00+00:00,372.7803955078125,373.32501220703125,371.07501220703125,372.135009765625,36060
2026-02-09 18:30:00+00:00,374.7974853515625,375.1700134277344,372.57501220703125,372.82000732421875,31479
2026-02-09 19:30:00+00:00,373.2699890136719,378.260009765625,372.9150085449219,375.1600036621094,98365
2026-02-09 20:30:00+00:00,374.4800109863281,374.57000732421875,369.5199890136719,373.3900146484375,80666
2026-02-10 14:30:00+00:00,388.49578857421875,388.6499938964844,378.6000061035156,378.6000061035156,105899
2026-02-10 15:30:00+00:00,399.69500732421875,400.30999755859375,386.2200012207031,388.44500732421875,183160
2026-02-10 16:30:00+00:00,400.5400085449219,403.1700134277344,399.0400085449219,399.625,176570
2026-02-10 17:30:00+00:00,401.9798889160156,402.6846923828125,400.364990234375,400.5,76928
2026-02-10 18:30:00+00:00,397.79998779296875,404.722412109375,396.5,401.625,91199
2026-02-10 19:30:00+00:00,400.8599853515625,401.92999267578125,397.25,397.57000732421875,89828
2026-02-10 20:30:00+00:00,401.6199951171875,402.760009765625,400.385009765625,400.8599853515625,114957
2026-02-11 14:30:00+00:00,404.6700134277344,419.3999938964844,404.010009765625,408.0,78752
2026-02-11 15:30:00+00:00,408.5450134277344,409.6199951171875,400.2500915527344,405.2699890136719,61598
2026-02-11 16:30:00+00:00,412.1300048828125,413.9200134277344,408.53509521484375,408.53509521484375,46977
2026-02-11 17:30:00+00:00,410.6499938964844,412.3999938964844,409.197509765625,412.3999938964844,50107
2026-02-11 18:30:00+00:00,412.5299987792969,413.2049865722656,408.9916076660156,410.510009765625,38616
2026-02-11 19:30:00+00:00,416.0299987792969,416.83990478515625,412.5299987792969,413.0050048828125,50723
2026-02-11 20:30:00+00:00,413.5400085449219,416.7900085449219,412.6300048828125,416.0249938964844,120212
2026-02-12 14:30:00+00:00,414.5299987792969,418.0,409.54010009765625,414.3999938964844,40496
2026-02-12 15:30:00+00:00,410.4800109863281,416.25,410.3500061035156,414.5299987792969,65903
2026-02-12 16:30:00+00:00,408.3900146484375,413.46990966796875,406.79998779296875,410.7200012207031,60914
2026-02-12 17:30:00+00:00,408.8450012207031,410.1549987792969,406.80999755859375,408.0400085449219,44316
2026-02-12 18:30:00+00:00,411.5799865722656,414.19500732421875,408.4800109863281,408.4800109863281,38636
2026-02-12 19:30:00+00:00,412.32501220703125,415.7200012207031,411.5849914550781,411.5849914550781,39655
2026-02-12 20:30:00+00:00,411.3900146484375,412.82000732421875,411.1400146484375,412.552001953125,72282
2026-02-13 14:30:00+00:00,429.8500061035156,432.0199890136719,411.70001220703125,411.70001220703125,93255
2026-02-13 15:30:00+00:00,432.9200134277344,433.0799865722656,424.3500061035156,427.9649963378906,71591
2026-02-13 16:30:00+00:00,433.42999267578125,434.79998779296875,431.92999267578125,433.2900085449219,53115
2026-02-13 17:30:00+00:00,434.30999755859375,436.1199951171875,431.8374938964844,433.5899963378906,42906
2026-02-13 18:30:00+00:00,431.04998779296875,435.42498779296875,430.55999755859375,433.55999755859375,56167
2026-02-13 19:30:00+00:00,431.1199951171875,433.30999755859375,430.3699951171875,431.0299987792969,69649
2026-02-13 20:30:00+00:00,432.3599853515625,432.6000061035156,429.7049865722656,431.3999938964844,108661
2026-02-17 14:30:00+00:00,421.2200012207031,438.04998779296875,418.8699951171875,433.0799865722656,125710
2026-02-17 15:30:00+00:00,429.0849914550781,431.0224914550781,415.8999938964844,420.03009033203125,94595
2026-02-17 16:30:00+00:00,422.5849914550781,430.2799987792969,422.3699951171875,429.0799865722656,48841
2026-02-17 17:30:00+00:00,423.7950134277344,424.70001220703125,419.80999755859375,422.989990234375,57011
2026-02-17 18:30:00+00:00,426.0899963378906,426.5400085449219,423.3700866699219,424.0400085449219,40851
2026-02-17 19:30:00+00:00,428.8900146484375,429.6300048828125,425.8399963378906,426.0,74545
2026-02-17 20:30:00+00:00,426.6000061035156,429.8699951171875,425.82000732421875,428.8900146484375,94397
2026-02-18 14:30:00+00:00,432.9849853515625,434.8399963378906,425.04998779296875,430.0,48263
2026-02-18 15:30:00+00:00,431.3699951171875,436.7799987792969,430.3349914550781,433.79998779296875,76722
2026-02-18 16:30:00+00:00,432.6400146484375,439.9800109863281,431.54998779296875,432.0,81572
2026-02-18 17:30:00+00:00,436.6600036621094,440.260009765625,432.75,433.0635070800781,128374
2026-02-18 18:30:00+00:00,438.45001220703125,439.45001220703125,435.4849853515625,436.56500244140625,51011
2026-02-18 19:30:00+00:00,439.0050048828125,445.6099853515625,438.3900146484375,438.56500244140625,246178
2026-02-18 20:30:00+00:00,441.5799865722656,441.8599853515625,435.6600036621094,439.0249938964844,136828
2026-02-19 14:30:00+00:00,442.04998779296875,453.32000732421875,430.0,430.0,111616
2026-02-19 15:30:00+00:00,461.3299865722656,466.0,441.3699951171875,441.3699951171875,113551
2026-02-19 16:30:00+00:00,464.20001220703125,465.0,457.6401062011719,462.2200012207031,75271
2026-02-19 17:30:00+00:00,470.03759765625,472.97100830078125,463.0,463.989990234375,51040
2026-02-19 18:30:00+00:00,486.4150085449219,487.07501220703125,470.0400085449219,471.3999938964844,97386
2026-02-19 19:30:00+00:00,482.97845458984375,491.3999938964844,482.97845458984375,485.9599914550781,130392
2026-02-19 20:30:00+00:00,487.0199890136719,489.4800109863281,482.7699890136719,482.7900085449219,155380
2026-02-20 14:30:00+00:00,498.2998962402344,509.71990966796875,480.0,488.0,162555
2026-02-20 15:30:00+00:00,494.8999938964844,504.25,494.7749938964844,498.29998779296875,123445
2026-02-20 16:30:00+00:00,508.9800109863281,508.9800109863281,494.0299987792969,494.6050109863281,120756
2026-02-20 17:30:00+00:00,513.5599975585938,518.7899780273438,509.0,509.0,148115
2026-02-20 18:30:00+00:00,504.0799865722656,515.72998046875,503.19000244140625,513.8599853515625,67351
2026-02-20 19:30:00+00:00,505.1499938964844,511.0450134277344,502.3299865722656,504.489990234375,122655
2026-02-20 20:30:00+00:00,500.0,506.0299987792969,497.010009765625,505.55999755859375,177797
2026-02-23 14:30:00+00:00,532.22998046875,547.2000122070312,508.7300109863281,513.989990234375,287595
2026-02-23 15:30:00+00:00,521.989990234375,533.2100219726562,517.6199951171875,531.260009765625,160209
2026-02-23 16:30:00+00:00,518.1500244140625,523.1424560546875,513.610107421875,521.8200073242188,82892
2026-02-23 17:30:00+00:00,517.635009765625,519.5198974609375,513.02001953125,518.1400146484375,58226
2026-02-23 18:30:00+00:00,516.9500122070312,521.2182006835938,515.8499755859375,517.6389770507812,57414
2026-02-23 19:30:00+00:00,511.9800109863281,520.0,509.37579345703125,516.989990234375,104791
2026-02-23 20:30:00+00:00,502.8299865722656,513.3099975585938,502.17999267578125,511.5199890136719,181262
2026-02-24 14:30:00+00:00,508.5950012207031,512.5,494.5199890136719,503.70001220703125,114930
2026-02-24 15:30:00+00:00,504.1300048828125,509.3900146484375,499.1199951171875,508.6050109863281,80899
2026-02-24 16:30:00+00:00,519.3099975585938,520.103271484375,503.55999755859375,503.55999755859375,166938
2026-02-24 17:30:00+00:00,524.2949829101562,524.3499755859375,518.239990234375,519.5,94602
2026-02-24 18:30:00+00:00,521.5349731445312,525.1199951171875,518.6649780273438,524.469970703125,60035
2026-02-24 19:30:00+00:00,531.9400024414062,532.364990234375,520.860107421875,521.6599731445312,110951
2026-02-24 20:30:00+00:00,531.1199951171875,533.8400268554688,528.9600219726562,531.8300170898438,169296
2026-02-25 14:30:00+00:00,507.2699890136719,539.0,498.8599853515625,534.77001953125,168281
2026-02-25 15:30:00+00:00,512.4099731445312,515.1099853515625,504.0201110839844,507.2799987792969,96906
2026-02-25 16:30:00+00:00,506.8399963378906,512.0900268554688,505.69000244140625,512.0900268554688,72052
2026-02-25 17:30:00+00:00,509.94000244140625,510.8999938964844,503.7099914550781,507.04998779296875,59578
2026-02-25 18:30:00+00:00,508.9599914550781,510.9200134277344,506.7640075683594,510.0199890136719,64290
2026-02-25 19:30:00+00:00,504.1650085449219,513.72998046875,503.9700012207031,508.57000732421875,85037
2026-02-25 20:30:00+00:00,510.30999755859375,510.92999267578125,504.1499938964844,504.4200134277344,130723
2026-02-26 14:30:00+00:00,502.2300109863281,505.5400085449219,491.0,505.0,164442
2026-02-26 15:30:00+00:00,509.92498779296875,510.3399963378906,501.94000244140625,502.8699951171875,66942
2026-02-26 16:30:00+00:00,506.7749938964844,510.6700134277344,506.3599853515625,509.6099853515625,42638
2026-02-26 17:30:00+00:00,501.3500061035156,510.0,501.29998779296875,506.3900146484375,65545
2026-02-26 18:30:00+00:00,502.6499938964844,503.3299865722656,496.42999267578125,502.3550109863281,73213
2026-02-26 19:30:00+00:00,508.1400146484375,510.0,501.90069580078125,502.7200012207031,73127
2026-02-26 20:30:00+00:00,512.510009765625,512.510009765625,507.8999938964844,508.2950134277344,124935
2026-02-27 14:30:00+00:00,518.72998046875,521.25,510.989990234375,515.9400024414062,91149
2026-02-27 15:30:00+00:00,519.780029296875,520.3800048828125,512.6799926757812,518.3699951171875,91000
2026-02-27 16:30:00+00:00,523.6799926757812,525.47998046875,518.1699829101562,519.1801147460938,71292
2026-02-27 17:30:00+00:00,523.6950073242188,528.1500244140625,521.9199829101562,523.7000122070312,72806
2026-02-27 18:30:00+00:00,523.8800048828125,524.6799926757812,521.1799926757812,523.6799926757812,39818
2026-02-27 19:30:00+00:00,525.0650024414062,525.8599853515625,521.677490234375,523.7000122070312,66512
2026-02-27 20:30:00+00:00,524.0900268554688,527.5,523.4500122070312,524.9500122070312,116040
